policy,seed,time_bin,day,drone_id,route,pickup,route_distance,energy_used,battery_remaining,active_warehouse_count,visited_warehouse_count,unvisited_warehouse_count,objective_value
mlp_aco,7,7104,75,1,"[0, 1, 0]","{""1"": 30.0}",10.0,10.0,20.0,1,1,0,10.0
mlp_aco,7,7105,75,1,"[0, 1, 0]","{""1"": 30.0}",10.0,10.0,20.0,1,1,0,10.0
mlp_aco,7,7106,75,1,"[0, 1, 0]","{""1"": 30.0}",10.0,10.0,20.0,1,1,0,10.0
mlp_aco,7,7107,75,1,"[0, 1, 0]","{""1"": 30.0}",10.0,10.0,20.0,1,1,0,10.0
mlp_aco,7,7108,75,1,"[0, 1, 0]","{""1"": 30.0}",10.0,10.0,20.0,1,1,0,10.0
mlp_aco,7,7109,75,1,"[0, 1, 0]","{""1"": 30.0}",10.0,10.0,20.0,1,1,0,10.0
mlp_aco,7,7110,75,1,"[0, 1, 0]","{""1"": 30.0}",10.0,10.0,20.0,1,1,0,10.0
mlp_aco,7,7111,75,1,"[0, 1, 0]","{""1"": 30.0}",10.0,10.0,20.0,1,1,0,10.0
mlp_aco,7,7112,75,1,"[0, 1, 0]","{""1"": 30.0}",10.0,10.0,20.0,1,1,0,10.0
mlp_aco,7,7113,75,1,"[0, 1, 0]","{""1"": 30.0}",10.0,10.0,20.0,1,1,0,10.0
mlp_aco,7,7114,75,1,"[0, 1, 0]","{""1"": 30.0}",10.0,10.0,20.0,1,1,0,10.0
mlp_aco,7,7115,75,1,"[0, 1, 0]","{""1"": 30.0}",10.0,10.0,20.0,1,1,0,10.0
mlp_aco,7,7116,75,1,"[0, 1, 0]","{""1"": 30.0}",10.0,10.0,20.0,1,1,0,10.0
mlp_aco,7,7117,75,1,"[0, 1, 0]","{""1"": 30.0}",10.0,10.0,20.0,1,1,0,10.0
mlp_aco,7,7118,75,1,"[0, 1, 0]","{""1"": 30.0}",10.0,10.0,20.0,1,1,0,10.0
mlp_aco,7,7119,75,1,"[0, 1, 0]","{""1"": 30.0}",10.0,10.0,20.0,1,1,0,10.0
mlp_aco,7,7120,75,1,"[0, 1, 0]","{""1"": 30.0}",10.0,10.0,20.0,1,1,0,10.0
mlp_aco,7,7121,75,1,"[0, 1, 0]","{""1"": 30.0}",10.0,10.0,20.0,1,1,0,10.0
mlp_aco,7,7122,75,1,"[0, 1, 0]","{""1"": 30.0}",10.0,10.0,20.0,1,1,0,10.0
mlp_aco,7,7123,75,1,"[0, 1, 0]","{""1"": 30.0}",10.0,10.0,20.0,1,1,0,10.0
mlp_aco,7,7124,75,1,"[0, 1, 0]","{""1"": 30.0}",10.0,10.0,20.0,1,1,0,10.0
mlp_aco,7,7125,75,1,"[0, 1, 0]","{""1"": 30.0}",10.0,10.0,20.0,1,1,0,10.0
mlp_aco,7,7126,75,1,"[0, 1, 0]","{""1"": 30.0}",10.0,10.0,20.0,1,1,0,10.0
mlp_aco,7,7127,75,1,"[0, 1, 0]","{""1"": 30.0}",10.0,10.0,20.0,1,1,0,10.0
mlp_aco,7,7128,75,1,"[0, 1, 0]","{""1"": 30.0}",10.0,10.0,20.0,1,1,0,10.0
mlp_aco,7,7129,75,1,"[0, 1, 0]","{""1"": 30.0}",10.0,10.0,20.0,1,1,0,10.0
mlp_aco,7,7130,75,1,"[0, 1, 0]","{""1"": 30.0}",10.0,10.0,20.0,1,1,0,10.0
mlp_aco,7,7131,75,1,"[0, 1, 0]","{""1"": 30.0}",10.0,10.0,20.0,1,1,0,10.0
mlp_aco,7,7132,75,1,"[0, 1, 0]","{""1"": 30.0}",10.0,10.0,20.0,1,1,0,10.0
mlp_aco,7,7133,75,1,"[0, 1, 0]","{""1"": 30.0}",10.0,10.0,20.0,1,1,0,10.0
mlp_aco,7,7134,75,1,"[0, 1, 0]","{""1"": 30.0}",10.0,10.0,20.0,1,1,0,10.0
mlp_aco,7,7135,75,1,"[0, 1, 0]","{""1"": 30.0}",10.0,10.0,20.0,1,1,0,10.0
mlp_aco,7,7136,75,1,"[0, 1, 0]","{""1"": 30.0}",10.0,10.0,20.0,1,1,0,10.0
mlp_aco,7,7137,75,1,"[0, 1, 0]","{""1"": 30.0}",10.0,10.0,20.0,1,1,0,10.0
mlp_aco,7,7138,75,1,"[0, 1, 0]","{""1"": 30.0}",10.0,10.0,20.0,1,1,0,10.0
mlp_aco,7,7139,75,1,"[0, 1, 0]","{""1"": 30.0}",10.0,10.0,20.0,1,1,0,10.0
mlp_aco,7,7140,75,1,"[0, 1, 0]","{""1"": 30.0}",10.0,10.0,20.0,1,1,0,10.0
mlp_aco,7,7141,75,1,"[0, 1, 0]","{""1"": 30.0}",10.0,10.0,20.0,1,1,0,10.0
mlp_aco,7,7142,75,1,"[0, 1, 0]","{""1"": 30.0}",10.0,10.0,20.0,1,1,0,10.0
mlp_aco,7,7143,75,1,"[0, 1, 0]","{""1"": 30.0}",10.0,10.0,20.0,1,1,0,10.0
mlp_aco,7,7144,75,1,"[0, 1, 0]","{""1"": 30.0}",10.0,10.0,20.0,1,1,0,10.0
mlp_aco,7,7145,75,1,"[0, 0]",{},0.0,0.0,30.0,0,0,0,0.0
mlp_aco,7,7146,75,1,"[0, 1, 0]","{""1"": 30.0}",10.0,10.0,20.0,1,1,0,10.0
mlp_aco,7,7147,75,1,"[0, 0]",{},0.0,0.0,30.0,0,0,0,0.0
mlp_aco,7,7148,75,1,"[0, 1, 0]","{""1"": 30.0}",10.0,10.0,20.0,1,1,0,10.0
mlp_aco,7,7149,75,1,"[0, 1, 0]","{""1"": 30.0}",10.0,10.0,20.0,1,1,0,10.0
mlp_aco,7,7150,75,1,"[0, 0]",{},0.0,0.0,30.0,0,0,0,0.0
mlp_aco,7,7151,75,1,"[0, 0]",{},0.0,0.0,30.0,0,0,0,0.0
mlp_aco,7,7152,75,1,"[0, 1, 0]","{""1"": 30.0}",10.0,10.0,20.0,1,1,0,10.0
mlp_aco,7,7153,75,1,"[0, 1, 0]","{""1"": 30.0}",10.0,10.0,20.0,1,1,0,10.0
mlp_aco,7,7154,75,1,"[0, 0]",{},0.0,0.0,30.0,0,0,0,0.0
mlp_aco,7,7155,75,1,"[0, 0]",{},0.0,0.0,30.0,0,0,0,0.0
mlp_aco,7,7156,75,1,"[0, 1, 0]","{""1"": 30.0}",10.0,10.0,20.0,1,1,0,10.0
mlp_aco,7,7157,75,1,"[0, 1, 0]","{""1"": 30.0}",10.0,10.0,20.0,1,1,0,10.0
mlp_aco,7,7158,75,1,"[0, 0]",{},0.0,0.0,30.0,0,0,0,0.0
mlp_aco,7,7159,75,1,"[0, 1, 0]","{""1"": 30.0}",10.0,10.0,20.0,1,1,0,10.0
mlp_aco,7,7160,75,1,"[0, 1, 0]","{""1"": 30.0}",10.0,10.0,20.0,1,1,0,10.0
mlp_aco,7,7161,75,1,"[0, 0]",{},0.0,0.0,30.0,0,0,0,0.0
mlp_aco,7,7162,75,1,"[0, 0]",{},0.0,0.0,30.0,0,0,0,0.0
mlp_aco,7,7163,75,1,"[0, 0]",{},0.0,0.0,30.0,0,0,0,0.0
mlp_aco,7,7164,75,1,"[0, 0]",{},0.0,0.0,30.0,0,0,0,0.0
mlp_aco,7,7165,75,1,"[0, 0]",{},0.0,0.0,30.0,0,0,0,0.0
mlp_aco,7,7166,75,1,"[0, 0]",{},0.0,0.0,30.0,0,0,0,0.0
mlp_aco,7,7167,75,1,"[0, 0]",{},0.0,0.0,30.0,0,0,0,0.0
mlp_aco,7,7168,75,1,"[0, 1, 0]","{""1"": 30.0}",10.0,10.0,20.0,1,1,0,10.0
mlp_aco,7,7169,75,1,"[0, 0]",{},0.0,0.0,30.0,0,0,0,0.0
mlp_aco,7,7170,75,1,"[0, 0]",{},0.0,0.0,30.0,0,0,0,0.0
mlp_aco,7,7171,75,1,"[0, 0]",{},0.0,0.0,30.0,0,0,0,0.0
mlp_aco,7,7172,75,1,"[0, 1, 0]","{""1"": 30.0}",10.0,10.0,20.0,1,1,0,10.0
mlp_aco,7,7173,75,1,"[0, 0]",{},0.0,0.0,30.0,0,0,0,0.0
mlp_aco,7,7174,75,1,"[0, 0]",{},0.0,0.0,30.0,0,0,0,0.0
mlp_aco,7,7175,75,1,"[0, 1, 0]","{""1"": 30.0}",10.0,10.0,20.0,1,1,0,10.0
mlp_aco,7,7176,75,1,"[0, 0]",{},0.0,0.0,30.0,0,0,0,0.0
mlp_aco,7,7177,75,1,"[0, 0]",{},0.0,0.0,30.0,0,0,0,0.0
mlp_aco,7,7178,75,1,"[0, 0]",{},0.0,0.0,30.0,0,0,0,0.0
mlp_aco,7,7179,75,1,"[0, 1, 0]","{""1"": 30.0}",10.0,10.0,20.0,1,1,0,10.0
mlp_aco,7,7180,75,1,"[0, 0]",{},0.0,0.0,30.0,0,0,0,0.0
mlp_aco,7,7181,75,1,"[0, 0]",{},0.0,0.0,30.0,0,0,0,0.0
mlp_aco,7,7182,75,1,"[0, 0]",{},0.0,0.0,30.0,0,0,0,0.0
mlp_aco,7,7183,75,1,"[0, 1, 0]","{""1"": 30.0}",10.0,10.0,20.0,1,1,0,10.0
mlp_aco,7,7184,75,1,"[0, 0]",{},0.0,0.0,30.0,0,0,0,0.0
mlp_aco,7,7185,75,1,"[0, 0]",{},0.0,0.0,30.0,0,0,0,0.0
mlp_aco,7,7186,75,1,"[0, 0]",{},0.0,0.0,30.0,0,0,0,0.0
mlp_aco,7,7187,75,1,"[0, 1, 0]","{""1"": 30.0}",10.0,10.0,20.0,1,1,0,10.0
mlp_aco,7,7188,75,1,"[0, 0]",{},0.0,0.0,30.0,0,0,0,0.0
mlp_aco,7,7189,75,1,"[0, 0]",{},0.0,0.0,30.0,0,0,0,0.0
mlp_aco,7,7190,75,1,"[0, 0]",{},0.0,0.0,30.0,0,0,0,0.0
mlp_aco,7,7191,75,1,"[0, 0]",{},0.0,0.0,30.0,0,0,0,0.0
mlp_aco,7,7192,75,1,"[0, 0]",{},0.0,0.0,30.0,0,0,0,0.0
mlp_aco,7,7193,75,1,"[0, 0]",{},0.0,0.0,30.0,0,0,0,0.0
mlp_aco,7,7194,75,1,"[0, 0]",{},0.0,0.0,30.0,0,0,0,0.0
mlp_aco,7,7195,75,1,"[0, 0]",{},0.0,0.0,30.0,0,0,0,0.0
mlp_aco,7,7196,75,1,"[0, 0]",{},0.0,0.0,30.0,0,0,0,0.0
mlp_aco,7,7197,75,1,"[0, 0]",{},0.0,0.0,30.0,0,0,0,0.0
mlp_aco,7,7198,75,1,"[0, 0]",{},0.0,0.0,30.0,0,0,0,0.0
mlp_aco,7,7199,75,1,"[0, 0]",{},0.0,0.0,30.0,0,0,0,0.0
mlp_aco,7,7200,76,1,"[0, 1, 0]","{""1"": 30.0}",10.0,10.0,20.0,1,1,0,10.0
mlp_aco,7,7201,76,1,"[0, 1, 0]","{""1"": 30.0}",10.0,10.0,20.0,1,1,0,10.0
mlp_aco,7,7202,76,1,"[0, 1, 0]","{""1"": 30.0}",10.0,10.0,20.0,1,1,0,10.0
mlp_aco,7,7203,76,1,"[0, 1, 0]","{""1"": 30.0}",10.0,10.0,20.0,1,1,0,10.0
mlp_aco,7,7204,76,1,"[0, 1, 0]","{""1"": 30.0}",10.0,10.0,20.0,1,1,0,10.0
mlp_aco,7,7205,76,1,"[0, 1, 0]","{""1"": 30.0}",10.0,10.0,20.0,1,1,0,10.0
mlp_aco,7,7206,76,1,"[0, 1, 0]","{""1"": 30.0}",10.0,10.0,20.0,1,1,0,10.0
mlp_aco,7,7207,76,1,"[0, 1, 0]","{""1"": 30.0}",10.0,10.0,20.0,1,1,0,10.0
mlp_aco,7,7208,76,1,"[0, 1, 0]","{""1"": 30.0}",10.0,10.0,20.0,1,1,0,10.0
mlp_aco,7,7209,76,1,"[0, 1, 0]","{""1"": 30.0}",10.0,10.0,20.0,1,1,0,10.0
mlp_aco,7,7210,76,1,"[0, 1, 0]","{""1"": 30.0}",10.0,10.0,20.0,1,1,0,10.0
mlp_aco,7,7211,76,1,"[0, 1, 0]","{""1"": 30.0}",10.0,10.0,20.0,1,1,0,10.0
mlp_aco,7,7212,76,1,"[0, 1, 0]","{""1"": 30.0}",10.0,10.0,20.0,1,1,0,10.0
mlp_aco,7,7213,76,1,"[0, 1, 0]","{""1"": 30.0}",10.0,10.0,20.0,1,1,0,10.0
mlp_aco,7,7214,76,1,"[0, 1, 0]","{""1"": 30.0}",10.0,10.0,20.0,1,1,0,10.0
mlp_aco,7,7215,76,1,"[0, 1, 0]","{""1"": 30.0}",10.0,10.0,20.0,1,1,0,10.0
mlp_aco,7,7216,76,1,"[0, 1, 0]","{""1"": 30.0}",10.0,10.0,20.0,1,1,0,10.0
mlp_aco,7,7217,76,1,"[0, 1, 0]","{""1"": 30.0}",10.0,10.0,20.0,1,1,0,10.0
mlp_aco,7,7218,76,1,"[0, 1, 0]","{""1"": 30.0}",10.0,10.0,20.0,1,1,0,10.0
mlp_aco,7,7219,76,1,"[0, 1, 0]","{""1"": 30.0}",10.0,10.0,20.0,1,1,0,10.0
mlp_aco,7,7220,76,1,"[0, 1, 0]","{""1"": 30.0}",10.0,10.0,20.0,1,1,0,10.0
mlp_aco,7,7221,76,1,"[0, 1, 0]","{""1"": 30.0}",10.0,10.0,20.0,1,1,0,10.0
mlp_aco,7,7222,76,1,"[0, 1, 0]","{""1"": 30.0}",10.0,10.0,20.0,1,1,0,10.0
mlp_aco,7,7223,76,1,"[0, 1, 0]","{""1"": 30.0}",10.0,10.0,20.0,1,1,0,10.0
mlp_aco,7,7224,76,1,"[0, 1, 0]","{""1"": 30.0}",10.0,10.0,20.0,1,1,0,10.0
mlp_aco,7,7225,76,1,"[0, 1, 0]","{""1"": 30.0}",10.0,10.0,20.0,1,1,0,10.0
mlp_aco,7,7226,76,1,"[0, 1, 0]","{""1"": 30.0}",10.0,10.0,20.0,1,1,0,10.0
mlp_aco,7,7227,76,1,"[0, 1, 0]","{""1"": 30.0}",10.0,10.0,20.0,1,1,0,10.0
mlp_aco,7,7228,76,1,"[0, 1, 0]","{""1"": 30.0}",10.0,10.0,20.0,1,1,0,10.0
mlp_aco,7,7229,76,1,"[0, 1, 0]","{""1"": 30.0}",10.0,10.0,20.0,1,1,0,10.0
mlp_aco,7,7230,76,1,"[0, 1, 0]","{""1"": 30.0}",10.0,10.0,20.0,1,1,0,10.0
mlp_aco,7,7231,76,1,"[0, 1, 0]","{""1"": 30.0}",10.0,10.0,20.0,1,1,0,10.0
mlp_aco,7,7232,76,1,"[0, 1, 0]","{""1"": 30.0}",10.0,10.0,20.0,1,1,0,10.0
mlp_aco,7,7233,76,1,"[0, 1, 0]","{""1"": 30.0}",10.0,10.0,20.0,1,1,0,10.0
mlp_aco,7,7234,76,1,"[0, 1, 0]","{""1"": 30.0}",10.0,10.0,20.0,1,1,0,10.0
mlp_aco,7,7235,76,1,"[0, 1, 0]","{""1"": 30.0}",10.0,10.0,20.0,1,1,0,10.0
mlp_aco,7,7236,76,1,"[0, 1, 0]","{""1"": 30.0}",10.0,10.0,20.0,1,1,0,10.0
mlp_aco,7,7237,76,1,"[0, 1, 0]","{""1"": 30.0}",10.0,10.0,20.0,1,1,0,10.0
mlp_aco,7,7238,76,1,"[0, 1, 0]","{""1"": 30.0}",10.0,10.0,20.0,1,1,0,10.0
mlp_aco,7,7239,76,1,"[0, 1, 0]","{""1"": 30.0}",10.0,10.0,20.0,1,1,0,10.0
mlp_aco,7,7240,76,1,"[0, 1, 0]","{""1"": 30.0}",10.0,10.0,20.0,1,1,0,10.0
mlp_aco,7,7241,76,1,"[0, 1, 0]","{""1"": 30.0}",10.0,10.0,20.0,1,1,0,10.0
mlp_aco,7,7242,76,1,"[0, 1, 0]","{""1"": 30.0}",10.0,10.0,20.0,1,1,0,10.0
mlp_aco,7,7243,76,1,"[0, 1, 0]","{""1"": 30.0}",10.0,10.0,20.0,1,1,0,10.0
mlp_aco,7,7244,76,1,"[0, 1, 0]","{""1"": 30.0}",10.0,10.0,20.0,1,1,0,10.0
mlp_aco,7,7245,76,1,"[0, 1, 0]","{""1"": 30.0}",10.0,10.0,20.0,1,1,0,10.0
mlp_aco,7,7246,76,1,"[0, 1, 0]","{""1"": 30.0}",10.0,10.0,20.0,1,1,0,10.0
mlp_aco,7,7247,76,1,"[0, 1, 0]","{""1"": 30.0}",10.0,10.0,20.0,1,1,0,10.0
mlp_aco,7,7248,76,1,"[0, 1, 0]","{""1"": 30.0}",10.0,10.0,20.0,1,1,0,10.0
mlp_aco,7,7249,76,1,"[0, 0]",{},0.0,0.0,30.0,0,0,0,0.0
mlp_aco,7,7250,76,1,"[0, 0]",{},0.0,0.0,30.0,0,0,0,0.0
mlp_aco,7,7251,76,1,"[0, 0]",{},0.0,0.0,30.0,0,0,0,0.0
mlp_aco,7,7252,76,1,"[0, 0]",{},0.0,0.0,30.0,0,0,0,0.0
mlp_aco,7,7253,76,1,"[0, 0]",{},0.0,0.0,30.0,0,0,0,0.0
mlp_aco,7,7254,76,1,"[0, 0]",{},0.0,0.0,30.0,0,0,0,0.0
mlp_aco,7,7255,76,1,"[0, 0]",{},0.0,0.0,30.0,0,0,0,0.0
mlp_aco,7,7256,76,1,"[0, 0]",{},0.0,0.0,30.0,0,0,0,0.0
mlp_aco,7,7257,76,1,"[0, 0]",{},0.0,0.0,30.0,0,0,0,0.0
mlp_aco,7,7258,76,1,"[0, 0]",{},0.0,0.0,30.0,0,0,0,0.0
mlp_aco,7,7259,76,1,"[0, 0]",{},0.0,0.0,30.0,0,0,0,0.0
mlp_aco,7,7260,76,1,"[0, 0]",{},0.0,0.0,30.0,0,0,0,0.0
mlp_aco,7,7261,76,1,"[0, 0]",{},0.0,0.0,30.0,0,0,0,0.0
mlp_aco,7,7262,76,1,"[0, 0]",{},0.0,0.0,30.0,0,0,0,0.0
mlp_aco,7,7263,76,1,"[0, 0]",{},0.0,0.0,30.0,0,0,0,0.0
mlp_aco,7,7264,76,1,"[0, 0]",{},0.0,0.0,30.0,0,0,0,0.0
mlp_aco,7,7265,76,1,"[0, 0]",{},0.0,0.0,30.0,0,0,0,0.0
mlp_aco,7,7266,76,1,"[0, 0]",{},0.0,0.0,30.0,0,0,0,0.0
mlp_aco,7,7267,76,1,"[0, 0]",{},0.0,0.0,30.0,0,0,0,0.0
mlp_aco,7,7268,76,1,"[0, 0]",{},0.0,0.0,30.0,0,0,0,0.0
mlp_aco,7,7269,76,1,"[0, 0]",{},0.0,0.0,30.0,0,0,0,0.0
mlp_aco,7,7270,76,1,"[0, 0]",{},0.0,0.0,30.0,0,0,0,0.0
mlp_aco,7,7271,76,1,"[0, 0]",{},0.0,0.0,30.0,0,0,0,0.0
mlp_aco,7,7272,76,1,"[0, 0]",{},0.0,0.0,30.0,0,0,0,0.0
mlp_aco,7,7273,76,1,"[0, 0]",{},0.0,0.0,30.0,0,0,0,0.0
mlp_aco,7,7274,76,1,"[0, 0]",{},0.0,0.0,30.0,0,0,0,0.0
mlp_aco,7,7275,76,1,"[0, 0]",{},0.0,0.0,30.0,0,0,0,0.0
mlp_aco,7,7276,76,1,"[0, 0]",{},0.0,0.0,30.0,0,0,0,0.0
mlp_aco,7,7277,76,1,"[0, 0]",{},0.0,0.0,30.0,0,0,0,0.0
mlp_aco,7,7278,76,1,"[0, 0]",{},0.0,0.0,30.0,0,0,0,0.0
mlp_aco,7,7279,76,1,"[0, 0]",{},0.0,0.0,30.0,0,0,0,0.0
mlp_aco,7,7280,76,1,"[0, 0]",{},0.0,0.0,30.0,0,0,0,0.0
mlp_aco,7,7281,76,1,"[0, 0]",{},0.0,0.0,30.0,0,0,0,0.0
mlp_aco,7,7282,76,1,"[0, 0]",{},0.0,0.0,30.0,0,0,0,0.0
mlp_aco,7,7283,76,1,"[0, 0]",{},0.0,0.0,30.0,0,0,0,0.0
mlp_aco,7,7284,76,1,"[0, 0]",{},0.0,0.0,30.0,0,0,0,0.0
mlp_aco,7,7285,76,1,"[0, 0]",{},0.0,0.0,30.0,0,0,0,0.0
mlp_aco,7,7286,76,1,"[0, 0]",{},0.0,0.0,30.0,0,0,0,0.0
mlp_aco,7,7287,76,1,"[0, 0]",{},0.0,0.0,30.0,0,0,0,0.0
mlp_aco,7,7288,76,1,"[0, 0]",{},0.0,0.0,30.0,0,0,0,0.0
mlp_aco,7,7289,76,1,"[0, 0]",{},0.0,0.0,30.0,0,0,0,0.0
mlp_aco,7,7290,76,1,"[0, 0]",{},0.0,0.0,30.0,0,0,0,0.0
mlp_aco,7,7291,76,1,"[0, 0]",{},0.0,0.0,30.0,0,0,0,0.0
mlp_aco,7,7292,76,1,"[0, 0]",{},0.0,0.0,30.0,0,0,0,0.0
mlp_aco,7,7293,76,1,"[0, 0]",{},0.0,0.0,30.0,0,0,0,0.0
mlp_aco,7,7294,76,1,"[0, 0]",{},0.0,0.0,30.0,0,0,0,0.0
mlp_aco,7,7295,76,1,"[0, 0]",{},0.0,0.0,30.0,0,0,0,0.0
mlp_aco,7,7296,77,1,"[0, 1, 0]","{""1"": 30.0}",10.0,10.0,20.0,1,1,0,10.0
mlp_aco,7,7297,77,1,"[0, 1, 0]","{""1"": 30.0}",10.0,10.0,20.0,1,1,0,10.0
mlp_aco,7,7298,77,1,"[0, 1, 0]","{""1"": 30.0}",10.0,10.0,20.0,1,1,0,10.0
mlp_aco,7,7299,77,1,"[0, 1, 0]","{""1"": 30.0}",10.0,10.0,20.0,1,1,0,10.0
mlp_aco,7,7300,77,1,"[0, 1, 0]","{""1"": 30.0}",10.0,10.0,20.0,1,1,0,10.0
mlp_aco,7,7301,77,1,"[0, 1, 0]","{""1"": 30.0}",10.0,10.0,20.0,1,1,0,10.0
mlp_aco,7,7302,77,1,"[0, 1, 0]","{""1"": 30.0}",10.0,10.0,20.0,1,1,0,10.0
mlp_aco,7,7303,77,1,"[0, 1, 0]","{""1"": 30.0}",10.0,10.0,20.0,1,1,0,10.0
mlp_aco,7,7304,77,1,"[0, 1, 0]","{""1"": 30.0}",10.0,10.0,20.0,1,1,0,10.0
mlp_aco,7,7305,77,1,"[0, 1, 0]","{""1"": 30.0}",10.0,10.0,20.0,1,1,0,10.0
mlp_aco,7,7306,77,1,"[0, 1, 0]","{""1"": 30.0}",10.0,10.0,20.0,1,1,0,10.0
mlp_aco,7,7307,77,1,"[0, 1, 0]","{""1"": 30.0}",10.0,10.0,20.0,1,1,0,10.0
mlp_aco,7,7308,77,1,"[0, 1, 0]","{""1"": 30.0}",10.0,10.0,20.0,1,1,0,10.0
mlp_aco,7,7309,77,1,"[0, 1, 0]","{""1"": 30.0}",10.0,10.0,20.0,1,1,0,10.0
mlp_aco,7,7310,77,1,"[0, 1, 0]","{""1"": 30.0}",10.0,10.0,20.0,1,1,0,10.0
mlp_aco,7,7311,77,1,"[0, 1, 0]","{""1"": 30.0}",10.0,10.0,20.0,1,1,0,10.0
mlp_aco,7,7312,77,1,"[0, 1, 0]","{""1"": 30.0}",10.0,10.0,20.0,1,1,0,10.0
mlp_aco,7,7313,77,1,"[0, 1, 0]","{""1"": 30.0}",10.0,10.0,20.0,1,1,0,10.0
mlp_aco,7,7314,77,1,"[0, 1, 0]","{""1"": 30.0}",10.0,10.0,20.0,1,1,0,10.0
mlp_aco,7,7315,77,1,"[0, 1, 0]","{""1"": 30.0}",10.0,10.0,20.0,1,1,0,10.0
mlp_aco,7,7316,77,1,"[0, 1, 0]","{""1"": 30.0}",10.0,10.0,20.0,1,1,0,10.0
mlp_aco,7,7317,77,1,"[0, 1, 0]","{""1"": 30.0}",10.0,10.0,20.0,1,1,0,10.0
mlp_aco,7,7318,77,1,"[0, 1, 0]","{""1"": 30.0}",10.0,10.0,20.0,1,1,0,10.0
mlp_aco,7,7319,77,1,"[0, 1, 0]","{""1"": 30.0}",10.0,10.0,20.0,1,1,0,10.0
mlp_aco,7,7320,77,1,"[0, 1, 0]","{""1"": 30.0}",10.0,10.0,20.0,1,1,0,10.0
mlp_aco,7,7321,77,1,"[0, 1, 0]","{""1"": 30.0}",10.0,10.0,20.0,1,1,0,10.0
mlp_aco,7,7322,77,1,"[0, 1, 0]","{""1"": 30.0}",10.0,10.0,20.0,1,1,0,10.0
mlp_aco,7,7323,77,1,"[0, 1, 0]","{""1"": 30.0}",10.0,10.0,20.0,1,1,0,10.0
mlp_aco,7,7324,77,1,"[0, 1, 0]","{""1"": 30.0}",10.0,10.0,20.0,1,1,0,10.0
mlp_aco,7,7325,77,1,"[0, 1, 0]","{""1"": 30.0}",10.0,10.0,20.0,1,1,0,10.0
mlp_aco,7,7326,77,1,"[0, 1, 0]","{""1"": 30.0}",10.0,10.0,20.0,1,1,0,10.0
mlp_aco,7,7327,77,1,"[0, 1, 0]","{""1"": 30.0}",10.0,10.0,20.0,1,1,0,10.0
mlp_aco,7,7328,77,1,"[0, 1, 0]","{""1"": 30.0}",10.0,10.0,20.0,1,1,0,10.0
mlp_aco,7,7329,77,1,"[0, 1, 0]","{""1"": 30.0}",10.0,10.0,20.0,1,1,0,10.0
mlp_aco,7,7330,77,1,"[0, 1, 0]","{""1"": 30.0}",10.0,10.0,20.0,1,1,0,10.0
mlp_aco,7,7331,77,1,"[0, 1, 0]","{""1"": 30.0}",10.0,10.0,20.0,1,1,0,10.0
mlp_aco,7,7332,77,1,"[0, 1, 0]","{""1"": 30.0}",10.0,10.0,20.0,1,1,0,10.0
mlp_aco,7,7333,77,1,"[0, 1, 0]","{""1"": 30.0}",10.0,10.0,20.0,1,1,0,10.0
mlp_aco,7,7334,77,1,"[0, 1, 0]","{""1"": 30.0}",10.0,10.0,20.0,1,1,0,10.0
mlp_aco,7,7335,77,1,"[0, 1, 0]","{""1"": 30.0}",10.0,10.0,20.0,1,1,0,10.0
mlp_aco,7,7336,77,1,"[0, 1, 0]","{""1"": 30.0}",10.0,10.0,20.0,1,1,0,10.0
mlp_aco,7,7337,77,1,"[0, 1, 0]","{""1"": 30.0}",10.0,10.0,20.0,1,1,0,10.0
mlp_aco,7,7338,77,1,"[0, 1, 0]","{""1"": 30.0}",10.0,10.0,20.0,1,1,0,10.0
mlp_aco,7,7339,77,1,"[0, 1, 0]","{""1"": 30.0}",10.0,10.0,20.0,1,1,0,10.0
mlp_aco,7,7340,77,1,"[0, 1, 0]","{""1"": 30.0}",10.0,10.0,20.0,1,1,0,10.0
mlp_aco,7,7341,77,1,"[0, 1, 0]","{""1"": 30.0}",10.0,10.0,20.0,1,1,0,10.0
mlp_aco,7,7342,77,1,"[0, 1, 0]","{""1"": 30.0}",10.0,10.0,20.0,1,1,0,10.0
mlp_aco,7,7343,77,1,"[0, 1, 0]","{""1"": 30.0}",10.0,10.0,20.0,1,1,0,10.0
mlp_aco,7,7344,77,1,"[0, 1, 0]","{""1"": 30.0}",10.0,10.0,20.0,1,1,0,10.0
mlp_aco,7,7345,77,1,"[0, 1, 0]","{""1"": 30.0}",10.0,10.0,20.0,1,1,0,10.0
mlp_aco,7,7346,77,1,"[0, 1, 0]","{""1"": 30.0}",10.0,10.0,20.0,1,1,0,10.0
mlp_aco,7,7347,77,1,"[0, 1, 0]","{""1"": 30.0}",10.0,10.0,20.0,1,1,0,10.0
mlp_aco,7,7348,77,1,"[0, 1, 0]","{""1"": 30.0}",10.0,10.0,20.0,1,1,0,10.0
mlp_aco,7,7349,77,1,"[0, 1, 0]","{""1"": 30.0}",10.0,10.0,20.0,1,1,0,10.0
mlp_aco,7,7350,77,1,"[0, 1, 0]","{""1"": 30.0}",10.0,10.0,20.0,1,1,0,10.0
mlp_aco,7,7351,77,1,"[0, 1, 0]","{""1"": 30.0}",10.0,10.0,20.0,1,1,0,10.0
mlp_aco,7,7352,77,1,"[0, 1, 0]","{""1"": 30.0}",10.0,10.0,20.0,1,1,0,10.0
mlp_aco,7,7353,77,1,"[0, 1, 0]","{""1"": 30.0}",10.0,10.0,20.0,1,1,0,10.0
mlp_aco,7,7354,77,1,"[0, 1, 0]","{""1"": 30.0}",10.0,10.0,20.0,1,1,0,10.0
mlp_aco,7,7355,77,1,"[0, 1, 0]","{""1"": 30.0}",10.0,10.0,20.0,1,1,0,10.0
mlp_aco,7,7356,77,1,"[0, 1, 0]","{""1"": 30.0}",10.0,10.0,20.0,1,1,0,10.0
mlp_aco,7,7357,77,1,"[0, 0]",{},0.0,0.0,30.0,0,0,0,0.0
mlp_aco,7,7358,77,1,"[0, 0]",{},0.0,0.0,30.0,0,0,0,0.0
mlp_aco,7,7359,77,1,"[0, 1, 0]","{""1"": 30.0}",10.0,10.0,20.0,1,1,0,10.0
mlp_aco,7,7360,77,1,"[0, 1, 0]","{""1"": 30.0}",10.0,10.0,20.0,1,1,0,10.0
mlp_aco,7,7361,77,1,"[0, 0]",{},0.0,0.0,30.0,0,0,0,0.0
mlp_aco,7,7362,77,1,"[0, 0]",{},0.0,0.0,30.0,0,0,0,0.0
mlp_aco,7,7363,77,1,"[0, 1, 0]","{""1"": 30.0}",10.0,10.0,20.0,1,1,0,10.0
mlp_aco,7,7364,77,1,"[0, 0]",{},0.0,0.0,30.0,0,0,0,0.0
mlp_aco,7,7365,77,1,"[0, 1, 0]","{""1"": 30.0}",10.0,10.0,20.0,1,1,0,10.0
mlp_aco,7,7366,77,1,"[0, 0]",{},0.0,0.0,30.0,0,0,0,0.0
mlp_aco,7,7367,77,1,"[0, 1, 0]","{""1"": 30.0}",10.0,10.0,20.0,1,1,0,10.0
mlp_aco,7,7368,77,1,"[0, 0]",{},0.0,0.0,30.0,0,0,0,0.0
mlp_aco,7,7369,77,1,"[0, 1, 0]","{""1"": 30.0}",10.0,10.0,20.0,1,1,0,10.0
mlp_aco,7,7370,77,1,"[0, 0]",{},0.0,0.0,30.0,0,0,0,0.0
mlp_aco,7,7371,77,1,"[0, 0]",{},0.0,0.0,30.0,0,0,0,0.0
mlp_aco,7,7372,77,1,"[0, 1, 0]","{""1"": 30.0}",10.0,10.0,20.0,1,1,0,10.0
mlp_aco,7,7373,77,1,"[0, 1, 0]","{""1"": 30.0}",10.0,10.0,20.0,1,1,0,10.0
mlp_aco,7,7374,77,1,"[0, 0]",{},0.0,0.0,30.0,0,0,0,0.0
mlp_aco,7,7375,77,1,"[0, 0]",{},0.0,0.0,30.0,0,0,0,0.0
mlp_aco,7,7376,77,1,"[0, 1, 0]","{""1"": 30.0}",10.0,10.0,20.0,1,1,0,10.0
mlp_aco,7,7377,77,1,"[0, 0]",{},0.0,0.0,30.0,0,0,0,0.0
mlp_aco,7,7378,77,1,"[0, 1, 0]","{""1"": 30.0}",10.0,10.0,20.0,1,1,0,10.0
mlp_aco,7,7379,77,1,"[0, 0]",{},0.0,0.0,30.0,0,0,0,0.0
mlp_aco,7,7380,77,1,"[0, 1, 0]","{""1"": 30.0}",10.0,10.0,20.0,1,1,0,10.0
mlp_aco,7,7381,77,1,"[0, 0]",{},0.0,0.0,30.0,0,0,0,0.0
mlp_aco,7,7382,77,1,"[0, 1, 0]","{""1"": 30.0}",10.0,10.0,20.0,1,1,0,10.0
mlp_aco,7,7383,77,1,"[0, 0]",{},0.0,0.0,30.0,0,0,0,0.0
mlp_aco,7,7384,77,1,"[0, 0]",{},0.0,0.0,30.0,0,0,0,0.0
mlp_aco,7,7385,77,1,"[0, 0]",{},0.0,0.0,30.0,0,0,0,0.0
mlp_aco,7,7386,77,1,"[0, 0]",{},0.0,0.0,30.0,0,0,0,0.0
mlp_aco,7,7387,77,1,"[0, 0]",{},0.0,0.0,30.0,0,0,0,0.0
mlp_aco,7,7388,77,1,"[0, 0]",{},0.0,0.0,30.0,0,0,0,0.0
mlp_aco,7,7389,77,1,"[0, 0]",{},0.0,0.0,30.0,0,0,0,0.0
mlp_aco,7,7390,77,1,"[0, 0]",{},0.0,0.0,30.0,0,0,0,0.0
mlp_aco,7,7391,77,1,"[0, 0]",{},0.0,0.0,30.0,0,0,0,0.0
mlp_aco,7,7392,78,1,"[0, 1, 0]","{""1"": 30.0}",10.0,10.0,20.0,1,1,0,10.0
mlp_aco,7,7393,78,1,"[0, 1, 0]","{""1"": 30.0}",10.0,10.0,20.0,1,1,0,10.0
mlp_aco,7,7394,78,1,"[0, 1, 0]","{""1"": 30.0}",10.0,10.0,20.0,1,1,0,10.0
mlp_aco,7,7395,78,1,"[0, 1, 0]","{""1"": 30.0}",10.0,10.0,20.0,1,1,0,10.0
mlp_aco,7,7396,78,1,"[0, 1, 0]","{""1"": 30.0}",10.0,10.0,20.0,1,1,0,10.0
mlp_aco,7,7397,78,1,"[0, 1, 0]","{""1"": 30.0}",10.0,10.0,20.0,1,1,0,10.0
mlp_aco,7,7398,78,1,"[0, 1, 0]","{""1"": 30.0}",10.0,10.0,20.0,1,1,0,10.0
mlp_aco,7,7399,78,1,"[0, 1, 0]","{""1"": 30.0}",10.0,10.0,20.0,1,1,0,10.0
mlp_aco,7,7400,78,1,"[0, 1, 0]","{""1"": 30.0}",10.0,10.0,20.0,1,1,0,10.0
mlp_aco,7,7401,78,1,"[0, 1, 0]","{""1"": 30.0}",10.0,10.0,20.0,1,1,0,10.0
mlp_aco,7,7402,78,1,"[0, 1, 0]","{""1"": 30.0}",10.0,10.0,20.0,1,1,0,10.0
mlp_aco,7,7403,78,1,"[0, 1, 0]","{""1"": 30.0}",10.0,10.0,20.0,1,1,0,10.0
mlp_aco,7,7404,78,1,"[0, 1, 0]","{""1"": 30.0}",10.0,10.0,20.0,1,1,0,10.0
mlp_aco,7,7405,78,1,"[0, 1, 0]","{""1"": 30.0}",10.0,10.0,20.0,1,1,0,10.0
mlp_aco,7,7406,78,1,"[0, 1, 0]","{""1"": 30.0}",10.0,10.0,20.0,1,1,0,10.0
mlp_aco,7,7407,78,1,"[0, 1, 0]","{""1"": 30.0}",10.0,10.0,20.0,1,1,0,10.0
mlp_aco,7,7408,78,1,"[0, 1, 0]","{""1"": 30.0}",10.0,10.0,20.0,1,1,0,10.0
mlp_aco,7,7409,78,1,"[0, 1, 0]","{""1"": 30.0}",10.0,10.0,20.0,1,1,0,10.0
mlp_aco,7,7410,78,1,"[0, 1, 0]","{""1"": 30.0}",10.0,10.0,20.0,1,1,0,10.0
mlp_aco,7,7411,78,1,"[0, 1, 0]","{""1"": 30.0}",10.0,10.0,20.0,1,1,0,10.0
mlp_aco,7,7412,78,1,"[0, 1, 0]","{""1"": 30.0}",10.0,10.0,20.0,1,1,0,10.0
mlp_aco,7,7413,78,1,"[0, 1, 0]","{""1"": 30.0}",10.0,10.0,20.0,1,1,0,10.0
mlp_aco,7,7414,78,1,"[0, 1, 0]","{""1"": 30.0}",10.0,10.0,20.0,1,1,0,10.0
mlp_aco,7,7415,78,1,"[0, 1, 0]","{""1"": 30.0}",10.0,10.0,20.0,1,1,0,10.0
mlp_aco,7,7416,78,1,"[0, 1, 0]","{""1"": 30.0}",10.0,10.0,20.0,1,1,0,10.0
mlp_aco,7,7417,78,1,"[0, 1, 0]","{""1"": 30.0}",10.0,10.0,20.0,1,1,0,10.0
mlp_aco,7,7418,78,1,"[0, 1, 0]","{""1"": 30.0}",10.0,10.0,20.0,1,1,0,10.0
mlp_aco,7,7419,78,1,"[0, 1, 0]","{""1"": 30.0}",10.0,10.0,20.0,1,1,0,10.0
mlp_aco,7,7420,78,1,"[0, 1, 0]","{""1"": 30.0}",10.0,10.0,20.0,1,1,0,10.0
mlp_aco,7,7421,78,1,"[0, 1, 0]","{""1"": 30.0}",10.0,10.0,20.0,1,1,0,10.0
mlp_aco,7,7422,78,1,"[0, 1, 0]","{""1"": 30.0}",10.0,10.0,20.0,1,1,0,10.0
mlp_aco,7,7423,78,1,"[0, 1, 0]","{""1"": 30.0}",10.0,10.0,20.0,1,1,0,10.0
mlp_aco,7,7424,78,1,"[0, 1, 0]","{""1"": 30.0}",10.0,10.0,20.0,1,1,0,10.0
mlp_aco,7,7425,78,1,"[0, 1, 0]","{""1"": 30.0}",10.0,10.0,20.0,1,1,0,10.0
mlp_aco,7,7426,78,1,"[0, 1, 0]","{""1"": 30.0}",10.0,10.0,20.0,1,1,0,10.0
mlp_aco,7,7427,78,1,"[0, 1, 0]","{""1"": 30.0}",10.0,10.0,20.0,1,1,0,10.0
mlp_aco,7,7428,78,1,"[0, 1, 0]","{""1"": 30.0}",10.0,10.0,20.0,1,1,0,10.0
mlp_aco,7,7429,78,1,"[0, 1, 0]","{""1"": 30.0}",10.0,10.0,20.0,1,1,0,10.0
mlp_aco,7,7430,78,1,"[0, 1, 0]","{""1"": 30.0}",10.0,10.0,20.0,1,1,0,10.0
mlp_aco,7,7431,78,1,"[0, 1, 0]","{""1"": 30.0}",10.0,10.0,20.0,1,1,0,10.0
mlp_aco,7,7432,78,1,"[0, 1, 0]","{""1"": 30.0}",10.0,10.0,20.0,1,1,0,10.0
mlp_aco,7,7433,78,1,"[0, 1, 0]","{""1"": 30.0}",10.0,10.0,20.0,1,1,0,10.0
mlp_aco,7,7434,78,1,"[0, 1, 0]","{""1"": 30.0}",10.0,10.0,20.0,1,1,0,10.0
mlp_aco,7,7435,78,1,"[0, 1, 0]","{""1"": 30.0}",10.0,10.0,20.0,1,1,0,10.0
mlp_aco,7,7436,78,1,"[0, 1, 0]","{""1"": 30.0}",10.0,10.0,20.0,1,1,0,10.0
mlp_aco,7,7437,78,1,"[0, 1, 0]","{""1"": 30.0}",10.0,10.0,20.0,1,1,0,10.0
mlp_aco,7,7438,78,1,"[0, 1, 0]","{""1"": 30.0}",10.0,10.0,20.0,1,1,0,10.0
mlp_aco,7,7439,78,1,"[0, 1, 0]","{""1"": 30.0}",10.0,10.0,20.0,1,1,0,10.0
mlp_aco,7,7440,78,1,"[0, 1, 0]","{""1"": 30.0}",10.0,10.0,20.0,1,1,0,10.0
mlp_aco,7,7441,78,1,"[0, 1, 0]","{""1"": 30.0}",10.0,10.0,20.0,1,1,0,10.0
mlp_aco,7,7442,78,1,"[0, 1, 0]","{""1"": 30.0}",10.0,10.0,20.0,1,1,0,10.0
mlp_aco,7,7443,78,1,"[0, 1, 0]","{""1"": 30.0}",10.0,10.0,20.0,1,1,0,10.0
mlp_aco,7,7444,78,1,"[0, 1, 0]","{""1"": 30.0}",10.0,10.0,20.0,1,1,0,10.0
mlp_aco,7,7445,78,1,"[0, 0]",{},0.0,0.0,30.0,0,0,0,0.0
mlp_aco,7,7446,78,1,"[0, 0]",{},0.0,0.0,30.0,0,0,0,0.0
mlp_aco,7,7447,78,1,"[0, 1, 0]","{""1"": 30.0}",10.0,10.0,20.0,1,1,0,10.0
mlp_aco,7,7448,78,1,"[0, 0]",{},0.0,0.0,30.0,0,0,0,0.0
mlp_aco,7,7449,78,1,"[0, 1, 0]","{""1"": 30.0}",10.0,10.0,20.0,1,1,0,10.0
mlp_aco,7,7450,78,1,"[0, 0]",{},0.0,0.0,30.0,0,0,0,0.0
mlp_aco,7,7451,78,1,"[0, 0]",{},0.0,0.0,30.0,0,0,0,0.0
mlp_aco,7,7452,78,1,"[0, 1, 0]","{""1"": 30.0}",10.0,10.0,20.0,1,1,0,10.0
mlp_aco,7,7453,78,1,"[0, 0]",{},0.0,0.0,30.0,0,0,0,0.0
mlp_aco,7,7454,78,1,"[0, 0]",{},0.0,0.0,30.0,0,0,0,0.0
mlp_aco,7,7455,78,1,"[0, 0]",{},0.0,0.0,30.0,0,0,0,0.0
mlp_aco,7,7456,78,1,"[0, 0]",{},0.0,0.0,30.0,0,0,0,0.0
mlp_aco,7,7457,78,1,"[0, 0]",{},0.0,0.0,30.0,0,0,0,0.0
mlp_aco,7,7458,78,1,"[0, 0]",{},0.0,0.0,30.0,0,0,0,0.0
mlp_aco,7,7459,78,1,"[0, 0]",{},0.0,0.0,30.0,0,0,0,0.0
mlp_aco,7,7460,78,1,"[0, 0]",{},0.0,0.0,30.0,0,0,0,0.0
mlp_aco,7,7461,78,1,"[0, 0]",{},0.0,0.0,30.0,0,0,0,0.0
mlp_aco,7,7462,78,1,"[0, 0]",{},0.0,0.0,30.0,0,0,0,0.0
mlp_aco,7,7463,78,1,"[0, 0]",{},0.0,0.0,30.0,0,0,0,0.0
mlp_aco,7,7464,78,1,"[0, 0]",{},0.0,0.0,30.0,0,0,0,0.0
mlp_aco,7,7465,78,1,"[0, 0]",{},0.0,0.0,30.0,0,0,0,0.0
mlp_aco,7,7466,78,1,"[0, 0]",{},0.0,0.0,30.0,0,0,0,0.0
mlp_aco,7,7467,78,1,"[0, 0]",{},0.0,0.0,30.0,0,0,0,0.0
mlp_aco,7,7468,78,1,"[0, 0]",{},0.0,0.0,30.0,0,0,0,0.0
mlp_aco,7,7469,78,1,"[0, 0]",{},0.0,0.0,30.0,0,0,0,0.0
mlp_aco,7,7470,78,1,"[0, 0]",{},0.0,0.0,30.0,0,0,0,0.0
mlp_aco,7,7471,78,1,"[0, 0]",{},0.0,0.0,30.0,0,0,0,0.0
mlp_aco,7,7472,78,1,"[0, 0]",{},0.0,0.0,30.0,0,0,0,0.0
mlp_aco,7,7473,78,1,"[0, 0]",{},0.0,0.0,30.0,0,0,0,0.0
mlp_aco,7,7474,78,1,"[0, 0]",{},0.0,0.0,30.0,0,0,0,0.0
mlp_aco,7,7475,78,1,"[0, 0]",{},0.0,0.0,30.0,0,0,0,0.0
mlp_aco,7,7476,78,1,"[0, 0]",{},0.0,0.0,30.0,0,0,0,0.0
mlp_aco,7,7477,78,1,"[0, 0]",{},0.0,0.0,30.0,0,0,0,0.0
mlp_aco,7,7478,78,1,"[0, 0]",{},0.0,0.0,30.0,0,0,0,0.0
mlp_aco,7,7479,78,1,"[0, 0]",{},0.0,0.0,30.0,0,0,0,0.0
mlp_aco,7,7480,78,1,"[0, 0]",{},0.0,0.0,30.0,0,0,0,0.0
mlp_aco,7,7481,78,1,"[0, 0]",{},0.0,0.0,30.0,0,0,0,0.0
mlp_aco,7,7482,78,1,"[0, 0]",{},0.0,0.0,30.0,0,0,0,0.0
mlp_aco,7,7483,78,1,"[0, 0]",{},0.0,0.0,30.0,0,0,0,0.0
mlp_aco,7,7484,78,1,"[0, 0]",{},0.0,0.0,30.0,0,0,0,0.0
mlp_aco,7,7485,78,1,"[0, 0]",{},0.0,0.0,30.0,0,0,0,0.0
mlp_aco,7,7486,78,1,"[0, 0]",{},0.0,0.0,30.0,0,0,0,0.0
mlp_aco,7,7487,78,1,"[0, 0]",{},0.0,0.0,30.0,0,0,0,0.0
mlp_aco,7,7488,79,1,"[0, 1, 0]","{""1"": 30.0}",10.0,10.0,20.0,1,1,0,10.0
mlp_aco,7,7489,79,1,"[0, 1, 0]","{""1"": 30.0}",10.0,10.0,20.0,1,1,0,10.0
mlp_aco,7,7490,79,1,"[0, 1, 0]","{""1"": 30.0}",10.0,10.0,20.0,1,1,0,10.0
mlp_aco,7,7491,79,1,"[0, 1, 0]","{""1"": 30.0}",10.0,10.0,20.0,1,1,0,10.0
mlp_aco,7,7492,79,1,"[0, 1, 0]","{""1"": 30.0}",10.0,10.0,20.0,1,1,0,10.0
mlp_aco,7,7493,79,1,"[0, 1, 0]","{""1"": 30.0}",10.0,10.0,20.0,1,1,0,10.0
mlp_aco,7,7494,79,1,"[0, 1, 0]","{""1"": 30.0}",10.0,10.0,20.0,1,1,0,10.0
mlp_aco,7,7495,79,1,"[0, 1, 0]","{""1"": 30.0}",10.0,10.0,20.0,1,1,0,10.0
mlp_aco,7,7496,79,1,"[0, 1, 0]","{""1"": 30.0}",10.0,10.0,20.0,1,1,0,10.0
mlp_aco,7,7497,79,1,"[0, 1, 0]","{""1"": 30.0}",10.0,10.0,20.0,1,1,0,10.0
mlp_aco,7,7498,79,1,"[0, 1, 0]","{""1"": 30.0}",10.0,10.0,20.0,1,1,0,10.0
mlp_aco,7,7499,79,1,"[0, 1, 0]","{""1"": 30.0}",10.0,10.0,20.0,1,1,0,10.0
mlp_aco,7,7500,79,1,"[0, 1, 0]","{""1"": 30.0}",10.0,10.0,20.0,1,1,0,10.0
mlp_aco,7,7501,79,1,"[0, 1, 0]","{""1"": 30.0}",10.0,10.0,20.0,1,1,0,10.0
mlp_aco,7,7502,79,1,"[0, 1, 0]","{""1"": 30.0}",10.0,10.0,20.0,1,1,0,10.0
mlp_aco,7,7503,79,1,"[0, 1, 0]","{""1"": 30.0}",10.0,10.0,20.0,1,1,0,10.0
mlp_aco,7,7504,79,1,"[0, 1, 0]","{""1"": 30.0}",10.0,10.0,20.0,1,1,0,10.0
mlp_aco,7,7505,79,1,"[0, 1, 0]","{""1"": 30.0}",10.0,10.0,20.0,1,1,0,10.0
mlp_aco,7,7506,79,1,"[0, 1, 0]","{""1"": 30.0}",10.0,10.0,20.0,1,1,0,10.0
mlp_aco,7,7507,79,1,"[0, 1, 0]","{""1"": 30.0}",10.0,10.0,20.0,1,1,0,10.0
mlp_aco,7,7508,79,1,"[0, 1, 0]","{""1"": 30.0}",10.0,10.0,20.0,1,1,0,10.0
mlp_aco,7,7509,79,1,"[0, 1, 0]","{""1"": 30.0}",10.0,10.0,20.0,1,1,0,10.0
mlp_aco,7,7510,79,1,"[0, 1, 0]","{""1"": 30.0}",10.0,10.0,20.0,1,1,0,10.0
mlp_aco,7,7511,79,1,"[0, 1, 0]","{""1"": 30.0}",10.0,10.0,20.0,1,1,0,10.0
mlp_aco,7,7512,79,1,"[0, 1, 0]","{""1"": 30.0}",10.0,10.0,20.0,1,1,0,10.0
mlp_aco,7,7513,79,1,"[0, 1, 0]","{""1"": 30.0}",10.0,10.0,20.0,1,1,0,10.0
mlp_aco,7,7514,79,1,"[0, 1, 0]","{""1"": 30.0}",10.0,10.0,20.0,1,1,0,10.0
mlp_aco,7,7515,79,1,"[0, 1, 0]","{""1"": 30.0}",10.0,10.0,20.0,1,1,0,10.0
mlp_aco,7,7516,79,1,"[0, 1, 0]","{""1"": 30.0}",10.0,10.0,20.0,1,1,0,10.0
mlp_aco,7,7517,79,1,"[0, 1, 0]","{""1"": 30.0}",10.0,10.0,20.0,1,1,0,10.0
mlp_aco,7,7518,79,1,"[0, 1, 0]","{""1"": 30.0}",10.0,10.0,20.0,1,1,0,10.0
mlp_aco,7,7519,79,1,"[0, 1, 0]","{""1"": 30.0}",10.0,10.0,20.0,1,1,0,10.0
mlp_aco,7,7520,79,1,"[0, 1, 0]","{""1"": 30.0}",10.0,10.0,20.0,1,1,0,10.0
mlp_aco,7,7521,79,1,"[0, 1, 0]","{""1"": 30.0}",10.0,10.0,20.0,1,1,0,10.0
mlp_aco,7,7522,79,1,"[0, 1, 0]","{""1"": 30.0}",10.0,10.0,20.0,1,1,0,10.0
mlp_aco,7,7523,79,1,"[0, 1, 0]","{""1"": 30.0}",10.0,10.0,20.0,1,1,0,10.0
mlp_aco,7,7524,79,1,"[0, 1, 0]","{""1"": 30.0}",10.0,10.0,20.0,1,1,0,10.0
mlp_aco,7,7525,79,1,"[0, 1, 0]","{""1"": 30.0}",10.0,10.0,20.0,1,1,0,10.0
mlp_aco,7,7526,79,1,"[0, 1, 0]","{""1"": 30.0}",10.0,10.0,20.0,1,1,0,10.0
mlp_aco,7,7527,79,1,"[0, 1, 0]","{""1"": 30.0}",10.0,10.0,20.0,1,1,0,10.0
mlp_aco,7,7528,79,1,"[0, 1, 0]","{""1"": 30.0}",10.0,10.0,20.0,1,1,0,10.0
mlp_aco,7,7529,79,1,"[0, 1, 0]","{""1"": 30.0}",10.0,10.0,20.0,1,1,0,10.0
mlp_aco,7,7530,79,1,"[0, 1, 0]","{""1"": 30.0}",10.0,10.0,20.0,1,1,0,10.0
mlp_aco,7,7531,79,1,"[0, 1, 0]","{""1"": 30.0}",10.0,10.0,20.0,1,1,0,10.0
mlp_aco,7,7532,79,1,"[0, 1, 0]","{""1"": 30.0}",10.0,10.0,20.0,1,1,0,10.0
mlp_aco,7,7533,79,1,"[0, 1, 0]","{""1"": 30.0}",10.0,10.0,20.0,1,1,0,10.0
mlp_aco,7,7534,79,1,"[0, 1, 0]","{""1"": 30.0}",10.0,10.0,20.0,1,1,0,10.0
mlp_aco,7,7535,79,1,"[0, 0]",{},0.0,0.0,30.0,0,0,0,0.0
mlp_aco,7,7536,79,1,"[0, 0]",{},0.0,0.0,30.0,0,0,0,0.0
mlp_aco,7,7537,79,1,"[0, 1, 0]","{""1"": 30.0}",10.0,10.0,20.0,1,1,0,10.0
mlp_aco,7,7538,79,1,"[0, 0]",{},0.0,0.0,30.0,0,0,0,0.0
mlp_aco,7,7539,79,1,"[0, 0]",{},0.0,0.0,30.0,0,0,0,0.0
mlp_aco,7,7540,79,1,"[0, 1, 0]","{""1"": 30.0}",10.0,10.0,20.0,1,1,0,10.0
mlp_aco,7,7541,79,1,"[0, 0]",{},0.0,0.0,30.0,0,0,0,0.0
mlp_aco,7,7542,79,1,"[0, 0]",{},0.0,0.0,30.0,0,0,0,0.0
mlp_aco,7,7543,79,1,"[0, 0]",{},0.0,0.0,30.0,0,0,0,0.0
mlp_aco,7,7544,79,1,"[0, 1, 0]","{""1"": 30.0}",10.0,10.0,20.0,1,1,0,10.0
mlp_aco,7,7545,79,1,"[0, 0]",{},0.0,0.0,30.0,0,0,0,0.0
mlp_aco,7,7546,79,1,"[0, 0]",{},0.0,0.0,30.0,0,0,0,0.0
mlp_aco,7,7547,79,1,"[0, 0]",{},0.0,0.0,30.0,0,0,0,0.0
mlp_aco,7,7548,79,1,"[0, 0]",{},0.0,0.0,30.0,0,0,0,0.0
mlp_aco,7,7549,79,1,"[0, 0]",{},0.0,0.0,30.0,0,0,0,0.0
mlp_aco,7,7550,79,1,"[0, 0]",{},0.0,0.0,30.0,0,0,0,0.0
mlp_aco,7,7551,79,1,"[0, 0]",{},0.0,0.0,30.0,0,0,0,0.0
mlp_aco,7,7552,79,1,"[0, 0]",{},0.0,0.0,30.0,0,0,0,0.0
mlp_aco,7,7553,79,1,"[0, 0]",{},0.0,0.0,30.0,0,0,0,0.0
mlp_aco,7,7554,79,1,"[0, 0]",{},0.0,0.0,30.0,0,0,0,0.0
mlp_aco,7,7555,79,1,"[0, 0]",{},0.0,0.0,30.0,0,0,0,0.0
mlp_aco,7,7556,79,1,"[0, 0]",{},0.0,0.0,30.0,0,0,0,0.0
mlp_aco,7,7557,79,1,"[0, 0]",{},0.0,0.0,30.0,0,0,0,0.0
mlp_aco,7,7558,79,1,"[0, 0]",{},0.0,0.0,30.0,0,0,0,0.0
mlp_aco,7,7559,79,1,"[0, 0]",{},0.0,0.0,30.0,0,0,0,0.0
mlp_aco,7,7560,79,1,"[0, 0]",{},0.0,0.0,30.0,0,0,0,0.0
mlp_aco,7,7561,79,1,"[0, 0]",{},0.0,0.0,30.0,0,0,0,0.0
mlp_aco,7,7562,79,1,"[0, 0]",{},0.0,0.0,30.0,0,0,0,0.0
mlp_aco,7,7563,79,1,"[0, 0]",{},0.0,0.0,30.0,0,0,0,0.0
mlp_aco,7,7564,79,1,"[0, 0]",{},0.0,0.0,30.0,0,0,0,0.0
mlp_aco,7,7565,79,1,"[0, 0]",{},0.0,0.0,30.0,0,0,0,0.0
mlp_aco,7,7566,79,1,"[0, 0]",{},0.0,0.0,30.0,0,0,0,0.0
mlp_aco,7,7567,79,1,"[0, 0]",{},0.0,0.0,30.0,0,0,0,0.0
mlp_aco,7,7568,79,1,"[0, 0]",{},0.0,0.0,30.0,0,0,0,0.0
mlp_aco,7,7569,79,1,"[0, 0]",{},0.0,0.0,30.0,0,0,0,0.0
mlp_aco,7,7570,79,1,"[0, 0]",{},0.0,0.0,30.0,0,0,0,0.0
mlp_aco,7,7571,79,1,"[0, 0]",{},0.0,0.0,30.0,0,0,0,0.0
mlp_aco,7,7572,79,1,"[0, 0]",{},0.0,0.0,30.0,0,0,0,0.0
mlp_aco,7,7573,79,1,"[0, 0]",{},0.0,0.0,30.0,0,0,0,0.0
mlp_aco,7,7574,79,1,"[0, 0]",{},0.0,0.0,30.0,0,0,0,0.0
mlp_aco,7,7575,79,1,"[0, 0]",{},0.0,0.0,30.0,0,0,0,0.0
mlp_aco,7,7576,79,1,"[0, 0]",{},0.0,0.0,30.0,0,0,0,0.0
mlp_aco,7,7577,79,1,"[0, 0]",{},0.0,0.0,30.0,0,0,0,0.0
mlp_aco,7,7578,79,1,"[0, 0]",{},0.0,0.0,30.0,0,0,0,0.0
mlp_aco,7,7579,79,1,"[0, 0]",{},0.0,0.0,30.0,0,0,0,0.0
mlp_aco,7,7580,79,1,"[0, 0]",{},0.0,0.0,30.0,0,0,0,0.0
mlp_aco,7,7581,79,1,"[0, 0]",{},0.0,0.0,30.0,0,0,0,0.0
mlp_aco,7,7582,79,1,"[0, 0]",{},0.0,0.0,30.0,0,0,0,0.0
mlp_aco,7,7583,79,1,"[0, 0]",{},0.0,0.0,30.0,0,0,0,0.0
mlp_aco,7,7584,80,1,"[0, 1, 0]","{""1"": 30.0}",10.0,10.0,20.0,1,1,0,10.0
mlp_aco,7,7585,80,1,"[0, 1, 0]","{""1"": 30.0}",10.0,10.0,20.0,1,1,0,10.0
mlp_aco,7,7586,80,1,"[0, 1, 0]","{""1"": 30.0}",10.0,10.0,20.0,1,1,0,10.0
mlp_aco,7,7587,80,1,"[0, 1, 0]","{""1"": 30.0}",10.0,10.0,20.0,1,1,0,10.0
mlp_aco,7,7588,80,1,"[0, 1, 0]","{""1"": 30.0}",10.0,10.0,20.0,1,1,0,10.0
mlp_aco,7,7589,80,1,"[0, 1, 0]","{""1"": 30.0}",10.0,10.0,20.0,1,1,0,10.0
mlp_aco,7,7590,80,1,"[0, 1, 0]","{""1"": 30.0}",10.0,10.0,20.0,1,1,0,10.0
mlp_aco,7,7591,80,1,"[0, 1, 0]","{""1"": 30.0}",10.0,10.0,20.0,1,1,0,10.0
mlp_aco,7,7592,80,1,"[0, 1, 0]","{""1"": 30.0}",10.0,10.0,20.0,1,1,0,10.0
mlp_aco,7,7593,80,1,"[0, 1, 0]","{""1"": 30.0}",10.0,10.0,20.0,1,1,0,10.0
mlp_aco,7,7594,80,1,"[0, 1, 0]","{""1"": 30.0}",10.0,10.0,20.0,1,1,0,10.0
mlp_aco,7,7595,80,1,"[0, 1, 0]","{""1"": 30.0}",10.0,10.0,20.0,1,1,0,10.0
mlp_aco,7,7596,80,1,"[0, 1, 0]","{""1"": 30.0}",10.0,10.0,20.0,1,1,0,10.0
mlp_aco,7,7597,80,1,"[0, 1, 0]","{""1"": 30.0}",10.0,10.0,20.0,1,1,0,10.0
mlp_aco,7,7598,80,1,"[0, 1, 0]","{""1"": 30.0}",10.0,10.0,20.0,1,1,0,10.0
mlp_aco,7,7599,80,1,"[0, 1, 0]","{""1"": 30.0}",10.0,10.0,20.0,1,1,0,10.0
mlp_aco,7,7600,80,1,"[0, 1, 0]","{""1"": 30.0}",10.0,10.0,20.0,1,1,0,10.0
mlp_aco,7,7601,80,1,"[0, 1, 0]","{""1"": 30.0}",10.0,10.0,20.0,1,1,0,10.0
mlp_aco,7,7602,80,1,"[0, 1, 0]","{""1"": 30.0}",10.0,10.0,20.0,1,1,0,10.0
mlp_aco,7,7603,80,1,"[0, 1, 0]","{""1"": 30.0}",10.0,10.0,20.0,1,1,0,10.0
mlp_aco,7,7604,80,1,"[0, 1, 0]","{""1"": 30.0}",10.0,10.0,20.0,1,1,0,10.0
mlp_aco,7,7605,80,1,"[0, 1, 0]","{""1"": 30.0}",10.0,10.0,20.0,1,1,0,10.0
mlp_aco,7,7606,80,1,"[0, 1, 0]","{""1"": 30.0}",10.0,10.0,20.0,1,1,0,10.0
mlp_aco,7,7607,80,1,"[0, 1, 0]","{""1"": 30.0}",10.0,10.0,20.0,1,1,0,10.0
mlp_aco,7,7608,80,1,"[0, 1, 0]","{""1"": 30.0}",10.0,10.0,20.0,1,1,0,10.0
mlp_aco,7,7609,80,1,"[0, 1, 0]","{""1"": 30.0}",10.0,10.0,20.0,1,1,0,10.0
mlp_aco,7,7610,80,1,"[0, 1, 0]","{""1"": 30.0}",10.0,10.0,20.0,1,1,0,10.0
mlp_aco,7,7611,80,1,"[0, 1, 0]","{""1"": 30.0}",10.0,10.0,20.0,1,1,0,10.0
mlp_aco,7,7612,80,1,"[0, 1, 0]","{""1"": 30.0}",10.0,10.0,20.0,1,1,0,10.0
mlp_aco,7,7613,80,1,"[0, 1, 0]","{""1"": 30.0}",10.0,10.0,20.0,1,1,0,10.0
mlp_aco,7,7614,80,1,"[0, 1, 0]","{""1"": 30.0}",10.0,10.0,20.0,1,1,0,10.0
mlp_aco,7,7615,80,1,"[0, 1, 0]","{""1"": 30.0}",10.0,10.0,20.0,1,1,0,10.0
mlp_aco,7,7616,80,1,"[0, 1, 0]","{""1"": 30.0}",10.0,10.0,20.0,1,1,0,10.0
mlp_aco,7,7617,80,1,"[0, 1, 0]","{""1"": 30.0}",10.0,10.0,20.0,1,1,0,10.0
mlp_aco,7,7618,80,1,"[0, 1, 0]","{""1"": 30.0}",10.0,10.0,20.0,1,1,0,10.0
mlp_aco,7,7619,80,1,"[0, 1, 0]","{""1"": 30.0}",10.0,10.0,20.0,1,1,0,10.0
mlp_aco,7,7620,80,1,"[0, 1, 0]","{""1"": 30.0}",10.0,10.0,20.0,1,1,0,10.0
mlp_aco,7,7621,80,1,"[0, 1, 0]","{""1"": 30.0}",10.0,10.0,20.0,1,1,0,10.0
mlp_aco,7,7622,80,1,"[0, 1, 0]","{""1"": 30.0}",10.0,10.0,20.0,1,1,0,10.0
mlp_aco,7,7623,80,1,"[0, 1, 0]","{""1"": 30.0}",10.0,10.0,20.0,1,1,0,10.0
mlp_aco,7,7624,80,1,"[0, 1, 0]","{""1"": 30.0}",10.0,10.0,20.0,1,1,0,10.0
mlp_aco,7,7625,80,1,"[0, 1, 0]","{""1"": 30.0}",10.0,10.0,20.0,1,1,0,10.0
mlp_aco,7,7626,80,1,"[0, 1, 0]","{""1"": 30.0}",10.0,10.0,20.0,1,1,0,10.0
mlp_aco,7,7627,80,1,"[0, 1, 0]","{""1"": 30.0}",10.0,10.0,20.0,1,1,0,10.0
mlp_aco,7,7628,80,1,"[0, 1, 0]","{""1"": 30.0}",10.0,10.0,20.0,1,1,0,10.0
mlp_aco,7,7629,80,1,"[0, 1, 0]","{""1"": 30.0}",10.0,10.0,20.0,1,1,0,10.0
mlp_aco,7,7630,80,1,"[0, 1, 0]","{""1"": 30.0}",10.0,10.0,20.0,1,1,0,10.0
mlp_aco,7,7631,80,1,"[0, 1, 0]","{""1"": 30.0}",10.0,10.0,20.0,1,1,0,10.0
mlp_aco,7,7632,80,1,"[0, 1, 0]","{""1"": 30.0}",10.0,10.0,20.0,1,1,0,10.0
mlp_aco,7,7633,80,1,"[0, 1, 0]","{""1"": 30.0}",10.0,10.0,20.0,1,1,0,10.0
mlp_aco,7,7634,80,1,"[0, 1, 0]","{""1"": 30.0}",10.0,10.0,20.0,1,1,0,10.0
mlp_aco,7,7635,80,1,"[0, 1, 0]","{""1"": 30.0}",10.0,10.0,20.0,1,1,0,10.0
mlp_aco,7,7636,80,1,"[0, 1, 0]","{""1"": 30.0}",10.0,10.0,20.0,1,1,0,10.0
mlp_aco,7,7637,80,1,"[0, 1, 0]","{""1"": 30.0}",10.0,10.0,20.0,1,1,0,10.0
mlp_aco,7,7638,80,1,"[0, 1, 0]","{""1"": 30.0}",10.0,10.0,20.0,1,1,0,10.0
mlp_aco,7,7639,80,1,"[0, 1, 0]","{""1"": 30.0}",10.0,10.0,20.0,1,1,0,10.0
mlp_aco,7,7640,80,1,"[0, 1, 0]","{""1"": 30.0}",10.0,10.0,20.0,1,1,0,10.0
mlp_aco,7,7641,80,1,"[0, 1, 0]","{""1"": 30.0}",10.0,10.0,20.0,1,1,0,10.0
mlp_aco,7,7642,80,1,"[0, 1, 0]","{""1"": 30.0}",10.0,10.0,20.0,1,1,0,10.0
mlp_aco,7,7643,80,1,"[0, 1, 0]","{""1"": 30.0}",10.0,10.0,20.0,1,1,0,10.0
mlp_aco,7,7644,80,1,"[0, 1, 0]","{""1"": 30.0}",10.0,10.0,20.0,1,1,0,10.0
mlp_aco,7,7645,80,1,"[0, 0]",{},0.0,0.0,30.0,0,0,0,0.0
mlp_aco,7,7646,80,1,"[0, 0]",{},0.0,0.0,30.0,0,0,0,0.0
mlp_aco,7,7647,80,1,"[0, 0]",{},0.0,0.0,30.0,0,0,0,0.0
mlp_aco,7,7648,80,1,"[0, 0]",{},0.0,0.0,30.0,0,0,0,0.0
mlp_aco,7,7649,80,1,"[0, 0]",{},0.0,0.0,30.0,0,0,0,0.0
mlp_aco,7,7650,80,1,"[0, 0]",{},0.0,0.0,30.0,0,0,0,0.0
mlp_aco,7,7651,80,1,"[0, 0]",{},0.0,0.0,30.0,0,0,0,0.0
mlp_aco,7,7652,80,1,"[0, 0]",{},0.0,0.0,30.0,0,0,0,0.0
mlp_aco,7,7653,80,1,"[0, 0]",{},0.0,0.0,30.0,0,0,0,0.0
mlp_aco,7,7654,80,1,"[0, 0]",{},0.0,0.0,30.0,0,0,0,0.0
mlp_aco,7,7655,80,1,"[0, 0]",{},0.0,0.0,30.0,0,0,0,0.0
mlp_aco,7,7656,80,1,"[0, 0]",{},0.0,0.0,30.0,0,0,0,0.0
mlp_aco,7,7657,80,1,"[0, 0]",{},0.0,0.0,30.0,0,0,0,0.0
mlp_aco,7,7658,80,1,"[0, 0]",{},0.0,0.0,30.0,0,0,0,0.0
mlp_aco,7,7659,80,1,"[0, 0]",{},0.0,0.0,30.0,0,0,0,0.0
mlp_aco,7,7660,80,1,"[0, 0]",{},0.0,0.0,30.0,0,0,0,0.0
mlp_aco,7,7661,80,1,"[0, 0]",{},0.0,0.0,30.0,0,0,0,0.0
mlp_aco,7,7662,80,1,"[0, 0]",{},0.0,0.0,30.0,0,0,0,0.0
mlp_aco,7,7663,80,1,"[0, 0]",{},0.0,0.0,30.0,0,0,0,0.0
mlp_aco,7,7664,80,1,"[0, 0]",{},0.0,0.0,30.0,0,0,0,0.0
mlp_aco,7,7665,80,1,"[0, 0]",{},0.0,0.0,30.0,0,0,0,0.0
mlp_aco,7,7666,80,1,"[0, 0]",{},0.0,0.0,30.0,0,0,0,0.0
mlp_aco,7,7667,80,1,"[0, 0]",{},0.0,0.0,30.0,0,0,0,0.0
mlp_aco,7,7668,80,1,"[0, 0]",{},0.0,0.0,30.0,0,0,0,0.0
mlp_aco,7,7669,80,1,"[0, 0]",{},0.0,0.0,30.0,0,0,0,0.0
mlp_aco,7,7670,80,1,"[0, 0]",{},0.0,0.0,30.0,0,0,0,0.0
mlp_aco,7,7671,80,1,"[0, 0]",{},0.0,0.0,30.0,0,0,0,0.0
mlp_aco,7,7672,80,1,"[0, 0]",{},0.0,0.0,30.0,0,0,0,0.0
mlp_aco,7,7673,80,1,"[0, 0]",{},0.0,0.0,30.0,0,0,0,0.0
mlp_aco,7,7674,80,1,"[0, 0]",{},0.0,0.0,30.0,0,0,0,0.0
mlp_aco,7,7675,80,1,"[0, 0]",{},0.0,0.0,30.0,0,0,0,0.0
mlp_aco,7,7676,80,1,"[0, 0]",{},0.0,0.0,30.0,0,0,0,0.0
mlp_aco,7,7677,80,1,"[0, 0]",{},0.0,0.0,30.0,0,0,0,0.0
mlp_aco,7,7678,80,1,"[0, 0]",{},0.0,0.0,30.0,0,0,0,0.0
mlp_aco,7,7679,80,1,"[0, 0]",{},0.0,0.0,30.0,0,0,0,0.0
mlp_aco,7,7680,81,1,"[0, 1, 0]","{""1"": 30.0}",10.0,10.0,20.0,1,1,0,10.0
mlp_aco,7,7681,81,1,"[0, 1, 0]","{""1"": 30.0}",10.0,10.0,20.0,1,1,0,10.0
mlp_aco,7,7682,81,1,"[0, 1, 0]","{""1"": 30.0}",10.0,10.0,20.0,1,1,0,10.0
mlp_aco,7,7683,81,1,"[0, 1, 0]","{""1"": 30.0}",10.0,10.0,20.0,1,1,0,10.0
mlp_aco,7,7684,81,1,"[0, 1, 0]","{""1"": 30.0}",10.0,10.0,20.0,1,1,0,10.0
mlp_aco,7,7685,81,1,"[0, 1, 0]","{""1"": 30.0}",10.0,10.0,20.0,1,1,0,10.0
mlp_aco,7,7686,81,1,"[0, 1, 0]","{""1"": 30.0}",10.0,10.0,20.0,1,1,0,10.0
mlp_aco,7,7687,81,1,"[0, 1, 0]","{""1"": 30.0}",10.0,10.0,20.0,1,1,0,10.0
mlp_aco,7,7688,81,1,"[0, 1, 0]","{""1"": 30.0}",10.0,10.0,20.0,1,1,0,10.0
mlp_aco,7,7689,81,1,"[0, 1, 0]","{""1"": 30.0}",10.0,10.0,20.0,1,1,0,10.0
mlp_aco,7,7690,81,1,"[0, 1, 0]","{""1"": 30.0}",10.0,10.0,20.0,1,1,0,10.0
mlp_aco,7,7691,81,1,"[0, 1, 0]","{""1"": 30.0}",10.0,10.0,20.0,1,1,0,10.0
mlp_aco,7,7692,81,1,"[0, 1, 0]","{""1"": 30.0}",10.0,10.0,20.0,1,1,0,10.0
mlp_aco,7,7693,81,1,"[0, 1, 0]","{""1"": 30.0}",10.0,10.0,20.0,1,1,0,10.0
mlp_aco,7,7694,81,1,"[0, 1, 0]","{""1"": 30.0}",10.0,10.0,20.0,1,1,0,10.0
mlp_aco,7,7695,81,1,"[0, 1, 0]","{""1"": 30.0}",10.0,10.0,20.0,1,1,0,10.0
mlp_aco,7,7696,81,1,"[0, 1, 0]","{""1"": 30.0}",10.0,10.0,20.0,1,1,0,10.0
mlp_aco,7,7697,81,1,"[0, 1, 0]","{""1"": 30.0}",10.0,10.0,20.0,1,1,0,10.0
mlp_aco,7,7698,81,1,"[0, 1, 0]","{""1"": 30.0}",10.0,10.0,20.0,1,1,0,10.0
mlp_aco,7,7699,81,1,"[0, 1, 0]","{""1"": 30.0}",10.0,10.0,20.0,1,1,0,10.0
mlp_aco,7,7700,81,1,"[0, 1, 0]","{""1"": 30.0}",10.0,10.0,20.0,1,1,0,10.0
mlp_aco,7,7701,81,1,"[0, 1, 0]","{""1"": 30.0}",10.0,10.0,20.0,1,1,0,10.0
mlp_aco,7,7702,81,1,"[0, 1, 0]","{""1"": 30.0}",10.0,10.0,20.0,1,1,0,10.0
mlp_aco,7,7703,81,1,"[0, 1, 0]","{""1"": 30.0}",10.0,10.0,20.0,1,1,0,10.0
mlp_aco,7,7704,81,1,"[0, 1, 0]","{""1"": 30.0}",10.0,10.0,20.0,1,1,0,10.0
mlp_aco,7,7705,81,1,"[0, 1, 0]","{""1"": 30.0}",10.0,10.0,20.0,1,1,0,10.0
mlp_aco,7,7706,81,1,"[0, 1, 0]","{""1"": 30.0}",10.0,10.0,20.0,1,1,0,10.0
mlp_aco,7,7707,81,1,"[0, 1, 0]","{""1"": 30.0}",10.0,10.0,20.0,1,1,0,10.0
mlp_aco,7,7708,81,1,"[0, 1, 0]","{""1"": 30.0}",10.0,10.0,20.0,1,1,0,10.0
mlp_aco,7,7709,81,1,"[0, 1, 0]","{""1"": 30.0}",10.0,10.0,20.0,1,1,0,10.0
mlp_aco,7,7710,81,1,"[0, 1, 0]","{""1"": 30.0}",10.0,10.0,20.0,1,1,0,10.0
mlp_aco,7,7711,81,1,"[0, 1, 0]","{""1"": 30.0}",10.0,10.0,20.0,1,1,0,10.0
mlp_aco,7,7712,81,1,"[0, 1, 0]","{""1"": 30.0}",10.0,10.0,20.0,1,1,0,10.0
mlp_aco,7,7713,81,1,"[0, 1, 0]","{""1"": 30.0}",10.0,10.0,20.0,1,1,0,10.0
mlp_aco,7,7714,81,1,"[0, 1, 0]","{""1"": 30.0}",10.0,10.0,20.0,1,1,0,10.0
mlp_aco,7,7715,81,1,"[0, 1, 0]","{""1"": 30.0}",10.0,10.0,20.0,1,1,0,10.0
mlp_aco,7,7716,81,1,"[0, 1, 0]","{""1"": 30.0}",10.0,10.0,20.0,1,1,0,10.0
mlp_aco,7,7717,81,1,"[0, 1, 0]","{""1"": 30.0}",10.0,10.0,20.0,1,1,0,10.0
mlp_aco,7,7718,81,1,"[0, 1, 0]","{""1"": 30.0}",10.0,10.0,20.0,1,1,0,10.0
mlp_aco,7,7719,81,1,"[0, 1, 0]","{""1"": 30.0}",10.0,10.0,20.0,1,1,0,10.0
mlp_aco,7,7720,81,1,"[0, 1, 0]","{""1"": 30.0}",10.0,10.0,20.0,1,1,0,10.0
mlp_aco,7,7721,81,1,"[0, 1, 0]","{""1"": 30.0}",10.0,10.0,20.0,1,1,0,10.0
mlp_aco,7,7722,81,1,"[0, 1, 0]","{""1"": 30.0}",10.0,10.0,20.0,1,1,0,10.0
mlp_aco,7,7723,81,1,"[0, 1, 0]","{""1"": 30.0}",10.0,10.0,20.0,1,1,0,10.0
mlp_aco,7,7724,81,1,"[0, 1, 0]","{""1"": 30.0}",10.0,10.0,20.0,1,1,0,10.0
mlp_aco,7,7725,81,1,"[0, 1, 0]","{""1"": 30.0}",10.0,10.0,20.0,1,1,0,10.0
mlp_aco,7,7726,81,1,"[0, 1, 0]","{""1"": 30.0}",10.0,10.0,20.0,1,1,0,10.0
mlp_aco,7,7727,81,1,"[0, 1, 0]","{""1"": 30.0}",10.0,10.0,20.0,1,1,0,10.0
mlp_aco,7,7728,81,1,"[0, 1, 0]","{""1"": 30.0}",10.0,10.0,20.0,1,1,0,10.0
mlp_aco,7,7729,81,1,"[0, 1, 0]","{""1"": 30.0}",10.0,10.0,20.0,1,1,0,10.0
mlp_aco,7,7730,81,1,"[0, 1, 0]","{""1"": 30.0}",10.0,10.0,20.0,1,1,0,10.0
mlp_aco,7,7731,81,1,"[0, 1, 0]","{""1"": 30.0}",10.0,10.0,20.0,1,1,0,10.0
mlp_aco,7,7732,81,1,"[0, 1, 0]","{""1"": 30.0}",10.0,10.0,20.0,1,1,0,10.0
mlp_aco,7,7733,81,1,"[0, 1, 0]","{""1"": 30.0}",10.0,10.0,20.0,1,1,0,10.0
mlp_aco,7,7734,81,1,"[0, 1, 0]","{""1"": 30.0}",10.0,10.0,20.0,1,1,0,10.0
mlp_aco,7,7735,81,1,"[0, 1, 0]","{""1"": 30.0}",10.0,10.0,20.0,1,1,0,10.0
mlp_aco,7,7736,81,1,"[0, 0]",{},0.0,0.0,30.0,0,0,0,0.0
mlp_aco,7,7737,81,1,"[0, 0]",{},0.0,0.0,30.0,0,0,0,0.0
mlp_aco,7,7738,81,1,"[0, 0]",{},0.0,0.0,30.0,0,0,0,0.0
mlp_aco,7,7739,81,1,"[0, 0]",{},0.0,0.0,30.0,0,0,0,0.0
mlp_aco,7,7740,81,1,"[0, 1, 0]","{""1"": 30.0}",10.0,10.0,20.0,1,1,0,10.0
mlp_aco,7,7741,81,1,"[0, 0]",{},0.0,0.0,30.0,0,0,0,0.0
mlp_aco,7,7742,81,1,"[0, 0]",{},0.0,0.0,30.0,0,0,0,0.0
mlp_aco,7,7743,81,1,"[0, 0]",{},0.0,0.0,30.0,0,0,0,0.0
mlp_aco,7,7744,81,1,"[0, 1, 0]","{""1"": 30.0}",10.0,10.0,20.0,1,1,0,10.0
mlp_aco,7,7745,81,1,"[0, 0]",{},0.0,0.0,30.0,0,0,0,0.0
mlp_aco,7,7746,81,1,"[0, 0]",{},0.0,0.0,30.0,0,0,0,0.0
mlp_aco,7,7747,81,1,"[0, 0]",{},0.0,0.0,30.0,0,0,0,0.0
mlp_aco,7,7748,81,1,"[0, 1, 0]","{""1"": 30.0}",10.0,10.0,20.0,1,1,0,10.0
mlp_aco,7,7749,81,1,"[0, 0]",{},0.0,0.0,30.0,0,0,0,0.0
mlp_aco,7,7750,81,1,"[0, 0]",{},0.0,0.0,30.0,0,0,0,0.0
mlp_aco,7,7751,81,1,"[0, 0]",{},0.0,0.0,30.0,0,0,0,0.0
mlp_aco,7,7752,81,1,"[0, 1, 0]","{""1"": 30.0}",10.0,10.0,20.0,1,1,0,10.0
mlp_aco,7,7753,81,1,"[0, 0]",{},0.0,0.0,30.0,0,0,0,0.0
mlp_aco,7,7754,81,1,"[0, 0]",{},0.0,0.0,30.0,0,0,0,0.0
mlp_aco,7,7755,81,1,"[0, 0]",{},0.0,0.0,30.0,0,0,0,0.0
mlp_aco,7,7756,81,1,"[0, 0]",{},0.0,0.0,30.0,0,0,0,0.0
mlp_aco,7,7757,81,1,"[0, 0]",{},0.0,0.0,30.0,0,0,0,0.0
mlp_aco,7,7758,81,1,"[0, 0]",{},0.0,0.0,30.0,0,0,0,0.0
mlp_aco,7,7759,81,1,"[0, 0]",{},0.0,0.0,30.0,0,0,0,0.0
mlp_aco,7,7760,81,1,"[0, 0]",{},0.0,0.0,30.0,0,0,0,0.0
mlp_aco,7,7761,81,1,"[0, 0]",{},0.0,0.0,30.0,0,0,0,0.0
mlp_aco,7,7762,81,1,"[0, 0]",{},0.0,0.0,30.0,0,0,0,0.0
mlp_aco,7,7763,81,1,"[0, 0]",{},0.0,0.0,30.0,0,0,0,0.0
mlp_aco,7,7764,81,1,"[0, 0]",{},0.0,0.0,30.0,0,0,0,0.0
mlp_aco,7,7765,81,1,"[0, 0]",{},0.0,0.0,30.0,0,0,0,0.0
mlp_aco,7,7766,81,1,"[0, 0]",{},0.0,0.0,30.0,0,0,0,0.0
mlp_aco,7,7767,81,1,"[0, 0]",{},0.0,0.0,30.0,0,0,0,0.0
mlp_aco,7,7768,81,1,"[0, 0]",{},0.0,0.0,30.0,0,0,0,0.0
mlp_aco,7,7769,81,1,"[0, 0]",{},0.0,0.0,30.0,0,0,0,0.0
mlp_aco,7,7770,81,1,"[0, 0]",{},0.0,0.0,30.0,0,0,0,0.0
mlp_aco,7,7771,81,1,"[0, 0]",{},0.0,0.0,30.0,0,0,0,0.0
mlp_aco,7,7772,81,1,"[0, 0]",{},0.0,0.0,30.0,0,0,0,0.0
mlp_aco,7,7773,81,1,"[0, 0]",{},0.0,0.0,30.0,0,0,0,0.0
mlp_aco,7,7774,81,1,"[0, 0]",{},0.0,0.0,30.0,0,0,0,0.0
mlp_aco,7,7775,81,1,"[0, 0]",{},0.0,0.0,30.0,0,0,0,0.0
mlp_aco,7,7776,82,1,"[0, 1, 0]","{""1"": 30.0}",10.0,10.0,20.0,1,1,0,10.0
mlp_aco,7,7777,82,1,"[0, 1, 0]","{""1"": 30.0}",10.0,10.0,20.0,1,1,0,10.0
mlp_aco,7,7778,82,1,"[0, 1, 0]","{""1"": 30.0}",10.0,10.0,20.0,1,1,0,10.0
mlp_aco,7,7779,82,1,"[0, 1, 0]","{""1"": 30.0}",10.0,10.0,20.0,1,1,0,10.0
mlp_aco,7,7780,82,1,"[0, 1, 0]","{""1"": 30.0}",10.0,10.0,20.0,1,1,0,10.0
mlp_aco,7,7781,82,1,"[0, 1, 0]","{""1"": 30.0}",10.0,10.0,20.0,1,1,0,10.0
mlp_aco,7,7782,82,1,"[0, 1, 0]","{""1"": 30.0}",10.0,10.0,20.0,1,1,0,10.0
mlp_aco,7,7783,82,1,"[0, 1, 0]","{""1"": 30.0}",10.0,10.0,20.0,1,1,0,10.0
mlp_aco,7,7784,82,1,"[0, 1, 0]","{""1"": 30.0}",10.0,10.0,20.0,1,1,0,10.0
mlp_aco,7,7785,82,1,"[0, 1, 0]","{""1"": 30.0}",10.0,10.0,20.0,1,1,0,10.0
mlp_aco,7,7786,82,1,"[0, 1, 0]","{""1"": 30.0}",10.0,10.0,20.0,1,1,0,10.0
mlp_aco,7,7787,82,1,"[0, 1, 0]","{""1"": 30.0}",10.0,10.0,20.0,1,1,0,10.0
mlp_aco,7,7788,82,1,"[0, 1, 0]","{""1"": 30.0}",10.0,10.0,20.0,1,1,0,10.0
mlp_aco,7,7789,82,1,"[0, 1, 0]","{""1"": 30.0}",10.0,10.0,20.0,1,1,0,10.0
mlp_aco,7,7790,82,1,"[0, 1, 0]","{""1"": 30.0}",10.0,10.0,20.0,1,1,0,10.0
mlp_aco,7,7791,82,1,"[0, 1, 0]","{""1"": 30.0}",10.0,10.0,20.0,1,1,0,10.0
mlp_aco,7,7792,82,1,"[0, 1, 0]","{""1"": 30.0}",10.0,10.0,20.0,1,1,0,10.0
mlp_aco,7,7793,82,1,"[0, 1, 0]","{""1"": 30.0}",10.0,10.0,20.0,1,1,0,10.0
mlp_aco,7,7794,82,1,"[0, 1, 0]","{""1"": 30.0}",10.0,10.0,20.0,1,1,0,10.0
mlp_aco,7,7795,82,1,"[0, 1, 0]","{""1"": 30.0}",10.0,10.0,20.0,1,1,0,10.0
mlp_aco,7,7796,82,1,"[0, 1, 0]","{""1"": 30.0}",10.0,10.0,20.0,1,1,0,10.0
mlp_aco,7,7797,82,1,"[0, 1, 0]","{""1"": 30.0}",10.0,10.0,20.0,1,1,0,10.0
mlp_aco,7,7798,82,1,"[0, 1, 0]","{""1"": 30.0}",10.0,10.0,20.0,1,1,0,10.0
mlp_aco,7,7799,82,1,"[0, 1, 0]","{""1"": 30.0}",10.0,10.0,20.0,1,1,0,10.0
mlp_aco,7,7800,82,1,"[0, 1, 0]","{""1"": 30.0}",10.0,10.0,20.0,1,1,0,10.0
mlp_aco,7,7801,82,1,"[0, 1, 0]","{""1"": 30.0}",10.0,10.0,20.0,1,1,0,10.0
mlp_aco,7,7802,82,1,"[0, 1, 0]","{""1"": 30.0}",10.0,10.0,20.0,1,1,0,10.0
mlp_aco,7,7803,82,1,"[0, 1, 0]","{""1"": 30.0}",10.0,10.0,20.0,1,1,0,10.0
mlp_aco,7,7804,82,1,"[0, 1, 0]","{""1"": 30.0}",10.0,10.0,20.0,1,1,0,10.0
mlp_aco,7,7805,82,1,"[0, 1, 0]","{""1"": 30.0}",10.0,10.0,20.0,1,1,0,10.0
mlp_aco,7,7806,82,1,"[0, 1, 0]","{""1"": 30.0}",10.0,10.0,20.0,1,1,0,10.0
mlp_aco,7,7807,82,1,"[0, 1, 0]","{""1"": 30.0}",10.0,10.0,20.0,1,1,0,10.0
mlp_aco,7,7808,82,1,"[0, 1, 0]","{""1"": 30.0}",10.0,10.0,20.0,1,1,0,10.0
mlp_aco,7,7809,82,1,"[0, 1, 0]","{""1"": 30.0}",10.0,10.0,20.0,1,1,0,10.0
mlp_aco,7,7810,82,1,"[0, 1, 0]","{""1"": 30.0}",10.0,10.0,20.0,1,1,0,10.0
mlp_aco,7,7811,82,1,"[0, 1, 0]","{""1"": 30.0}",10.0,10.0,20.0,1,1,0,10.0
mlp_aco,7,7812,82,1,"[0, 1, 0]","{""1"": 30.0}",10.0,10.0,20.0,1,1,0,10.0
mlp_aco,7,7813,82,1,"[0, 1, 0]","{""1"": 30.0}",10.0,10.0,20.0,1,1,0,10.0
mlp_aco,7,7814,82,1,"[0, 1, 0]","{""1"": 30.0}",10.0,10.0,20.0,1,1,0,10.0
mlp_aco,7,7815,82,1,"[0, 1, 0]","{""1"": 30.0}",10.0,10.0,20.0,1,1,0,10.0
mlp_aco,7,7816,82,1,"[0, 1, 0]","{""1"": 30.0}",10.0,10.0,20.0,1,1,0,10.0
mlp_aco,7,7817,82,1,"[0, 1, 0]","{""1"": 30.0}",10.0,10.0,20.0,1,1,0,10.0
mlp_aco,7,7818,82,1,"[0, 1, 0]","{""1"": 30.0}",10.0,10.0,20.0,1,1,0,10.0
mlp_aco,7,7819,82,1,"[0, 1, 0]","{""1"": 30.0}",10.0,10.0,20.0,1,1,0,10.0
mlp_aco,7,7820,82,1,"[0, 1, 0]","{""1"": 30.0}",10.0,10.0,20.0,1,1,0,10.0
mlp_aco,7,7821,82,1,"[0, 1, 0]","{""1"": 30.0}",10.0,10.0,20.0,1,1,0,10.0
mlp_aco,7,7822,82,1,"[0, 1, 0]","{""1"": 30.0}",10.0,10.0,20.0,1,1,0,10.0
mlp_aco,7,7823,82,1,"[0, 1, 0]","{""1"": 30.0}",10.0,10.0,20.0,1,1,0,10.0
mlp_aco,7,7824,82,1,"[0, 1, 0]","{""1"": 30.0}",10.0,10.0,20.0,1,1,0,10.0
mlp_aco,7,7825,82,1,"[0, 1, 0]","{""1"": 30.0}",10.0,10.0,20.0,1,1,0,10.0
mlp_aco,7,7826,82,1,"[0, 1, 0]","{""1"": 30.0}",10.0,10.0,20.0,1,1,0,10.0
mlp_aco,7,7827,82,1,"[0, 1, 0]","{""1"": 30.0}",10.0,10.0,20.0,1,1,0,10.0
mlp_aco,7,7828,82,1,"[0, 1, 0]","{""1"": 30.0}",10.0,10.0,20.0,1,1,0,10.0
mlp_aco,7,7829,82,1,"[0, 1, 0]","{""1"": 30.0}",10.0,10.0,20.0,1,1,0,10.0
mlp_aco,7,7830,82,1,"[0, 1, 0]","{""1"": 30.0}",10.0,10.0,20.0,1,1,0,10.0
mlp_aco,7,7831,82,1,"[0, 1, 0]","{""1"": 30.0}",10.0,10.0,20.0,1,1,0,10.0
mlp_aco,7,7832,82,1,"[0, 1, 0]","{""1"": 30.0}",10.0,10.0,20.0,1,1,0,10.0
mlp_aco,7,7833,82,1,"[0, 1, 0]","{""1"": 30.0}",10.0,10.0,20.0,1,1,0,10.0
mlp_aco,7,7834,82,1,"[0, 1, 0]","{""1"": 30.0}",10.0,10.0,20.0,1,1,0,10.0
mlp_aco,7,7835,82,1,"[0, 1, 0]","{""1"": 30.0}",10.0,10.0,20.0,1,1,0,10.0
mlp_aco,7,7836,82,1,"[0, 1, 0]","{""1"": 30.0}",10.0,10.0,20.0,1,1,0,10.0
mlp_aco,7,7837,82,1,"[0, 1, 0]","{""1"": 30.0}",10.0,10.0,20.0,1,1,0,10.0
mlp_aco,7,7838,82,1,"[0, 1, 0]","{""1"": 30.0}",10.0,10.0,20.0,1,1,0,10.0
mlp_aco,7,7839,82,1,"[0, 1, 0]","{""1"": 30.0}",10.0,10.0,20.0,1,1,0,10.0
mlp_aco,7,7840,82,1,"[0, 1, 0]","{""1"": 30.0}",10.0,10.0,20.0,1,1,0,10.0
mlp_aco,7,7841,82,1,"[0, 0]",{},0.0,0.0,30.0,0,0,0,0.0
mlp_aco,7,7842,82,1,"[0, 1, 0]","{""1"": 30.0}",10.0,10.0,20.0,1,1,0,10.0
mlp_aco,7,7843,82,1,"[0, 0]",{},0.0,0.0,30.0,0,0,0,0.0
mlp_aco,7,7844,82,1,"[0, 1, 0]","{""1"": 30.0}",10.0,10.0,20.0,1,1,0,10.0
mlp_aco,7,7845,82,1,"[0, 0]",{},0.0,0.0,30.0,0,0,0,0.0
mlp_aco,7,7846,82,1,"[0, 0]",{},0.0,0.0,30.0,0,0,0,0.0
mlp_aco,7,7847,82,1,"[0, 0]",{},0.0,0.0,30.0,0,0,0,0.0
mlp_aco,7,7848,82,1,"[0, 0]",{},0.0,0.0,30.0,0,0,0,0.0
mlp_aco,7,7849,82,1,"[0, 0]",{},0.0,0.0,30.0,0,0,0,0.0
mlp_aco,7,7850,82,1,"[0, 0]",{},0.0,0.0,30.0,0,0,0,0.0
mlp_aco,7,7851,82,1,"[0, 0]",{},0.0,0.0,30.0,0,0,0,0.0
mlp_aco,7,7852,82,1,"[0, 0]",{},0.0,0.0,30.0,0,0,0,0.0
mlp_aco,7,7853,82,1,"[0, 1, 0]","{""1"": 30.0}",10.0,10.0,20.0,1,1,0,10.0
mlp_aco,7,7854,82,1,"[0, 0]",{},0.0,0.0,30.0,0,0,0,0.0
mlp_aco,7,7855,82,1,"[0, 0]",{},0.0,0.0,30.0,0,0,0,0.0
mlp_aco,7,7856,82,1,"[0, 0]",{},0.0,0.0,30.0,0,0,0,0.0
mlp_aco,7,7857,82,1,"[0, 0]",{},0.0,0.0,30.0,0,0,0,0.0
mlp_aco,7,7858,82,1,"[0, 0]",{},0.0,0.0,30.0,0,0,0,0.0
mlp_aco,7,7859,82,1,"[0, 0]",{},0.0,0.0,30.0,0,0,0,0.0
mlp_aco,7,7860,82,1,"[0, 0]",{},0.0,0.0,30.0,0,0,0,0.0
mlp_aco,7,7861,82,1,"[0, 0]",{},0.0,0.0,30.0,0,0,0,0.0
mlp_aco,7,7862,82,1,"[0, 0]",{},0.0,0.0,30.0,0,0,0,0.0
mlp_aco,7,7863,82,1,"[0, 0]",{},0.0,0.0,30.0,0,0,0,0.0
mlp_aco,7,7864,82,1,"[0, 0]",{},0.0,0.0,30.0,0,0,0,0.0
mlp_aco,7,7865,82,1,"[0, 0]",{},0.0,0.0,30.0,0,0,0,0.0
mlp_aco,7,7866,82,1,"[0, 0]",{},0.0,0.0,30.0,0,0,0,0.0
mlp_aco,7,7867,82,1,"[0, 0]",{},0.0,0.0,30.0,0,0,0,0.0
mlp_aco,7,7868,82,1,"[0, 0]",{},0.0,0.0,30.0,0,0,0,0.0
mlp_aco,7,7869,82,1,"[0, 0]",{},0.0,0.0,30.0,0,0,0,0.0
mlp_aco,7,7870,82,1,"[0, 0]",{},0.0,0.0,30.0,0,0,0,0.0
mlp_aco,7,7871,82,1,"[0, 0]",{},0.0,0.0,30.0,0,0,0,0.0
mlp_aco,7,7872,83,1,"[0, 1, 0]","{""1"": 30.0}",10.0,10.0,20.0,1,1,0,10.0
mlp_aco,7,7873,83,1,"[0, 1, 0]","{""1"": 30.0}",10.0,10.0,20.0,1,1,0,10.0
mlp_aco,7,7874,83,1,"[0, 1, 0]","{""1"": 30.0}",10.0,10.0,20.0,1,1,0,10.0
mlp_aco,7,7875,83,1,"[0, 1, 0]","{""1"": 30.0}",10.0,10.0,20.0,1,1,0,10.0
mlp_aco,7,7876,83,1,"[0, 1, 0]","{""1"": 30.0}",10.0,10.0,20.0,1,1,0,10.0
mlp_aco,7,7877,83,1,"[0, 1, 0]","{""1"": 30.0}",10.0,10.0,20.0,1,1,0,10.0
mlp_aco,7,7878,83,1,"[0, 1, 0]","{""1"": 30.0}",10.0,10.0,20.0,1,1,0,10.0
mlp_aco,7,7879,83,1,"[0, 1, 0]","{""1"": 30.0}",10.0,10.0,20.0,1,1,0,10.0
mlp_aco,7,7880,83,1,"[0, 1, 0]","{""1"": 30.0}",10.0,10.0,20.0,1,1,0,10.0
mlp_aco,7,7881,83,1,"[0, 1, 0]","{""1"": 30.0}",10.0,10.0,20.0,1,1,0,10.0
mlp_aco,7,7882,83,1,"[0, 1, 0]","{""1"": 30.0}",10.0,10.0,20.0,1,1,0,10.0
mlp_aco,7,7883,83,1,"[0, 1, 0]","{""1"": 30.0}",10.0,10.0,20.0,1,1,0,10.0
mlp_aco,7,7884,83,1,"[0, 1, 0]","{""1"": 30.0}",10.0,10.0,20.0,1,1,0,10.0
mlp_aco,7,7885,83,1,"[0, 1, 0]","{""1"": 30.0}",10.0,10.0,20.0,1,1,0,10.0
mlp_aco,7,7886,83,1,"[0, 1, 0]","{""1"": 30.0}",10.0,10.0,20.0,1,1,0,10.0
mlp_aco,7,7887,83,1,"[0, 1, 0]","{""1"": 30.0}",10.0,10.0,20.0,1,1,0,10.0
mlp_aco,7,7888,83,1,"[0, 1, 0]","{""1"": 30.0}",10.0,10.0,20.0,1,1,0,10.0
mlp_aco,7,7889,83,1,"[0, 1, 0]","{""1"": 30.0}",10.0,10.0,20.0,1,1,0,10.0
mlp_aco,7,7890,83,1,"[0, 1, 0]","{""1"": 30.0}",10.0,10.0,20.0,1,1,0,10.0
mlp_aco,7,7891,83,1,"[0, 1, 0]","{""1"": 30.0}",10.0,10.0,20.0,1,1,0,10.0
mlp_aco,7,7892,83,1,"[0, 1, 0]","{""1"": 30.0}",10.0,10.0,20.0,1,1,0,10.0
mlp_aco,7,7893,83,1,"[0, 1, 0]","{""1"": 30.0}",10.0,10.0,20.0,1,1,0,10.0
mlp_aco,7,7894,83,1,"[0, 1, 0]","{""1"": 30.0}",10.0,10.0,20.0,1,1,0,10.0
mlp_aco,7,7895,83,1,"[0, 1, 0]","{""1"": 30.0}",10.0,10.0,20.0,1,1,0,10.0
mlp_aco,7,7896,83,1,"[0, 1, 0]","{""1"": 30.0}",10.0,10.0,20.0,1,1,0,10.0
mlp_aco,7,7897,83,1,"[0, 1, 0]","{""1"": 30.0}",10.0,10.0,20.0,1,1,0,10.0
mlp_aco,7,7898,83,1,"[0, 1, 0]","{""1"": 30.0}",10.0,10.0,20.0,1,1,0,10.0
mlp_aco,7,7899,83,1,"[0, 1, 0]","{""1"": 30.0}",10.0,10.0,20.0,1,1,0,10.0
mlp_aco,7,7900,83,1,"[0, 1, 0]","{""1"": 30.0}",10.0,10.0,20.0,1,1,0,10.0
mlp_aco,7,7901,83,1,"[0, 1, 0]","{""1"": 30.0}",10.0,10.0,20.0,1,1,0,10.0
mlp_aco,7,7902,83,1,"[0, 1, 0]","{""1"": 30.0}",10.0,10.0,20.0,1,1,0,10.0
mlp_aco,7,7903,83,1,"[0, 1, 0]","{""1"": 30.0}",10.0,10.0,20.0,1,1,0,10.0
mlp_aco,7,7904,83,1,"[0, 1, 0]","{""1"": 30.0}",10.0,10.0,20.0,1,1,0,10.0
mlp_aco,7,7905,83,1,"[0, 1, 0]","{""1"": 30.0}",10.0,10.0,20.0,1,1,0,10.0
mlp_aco,7,7906,83,1,"[0, 1, 0]","{""1"": 30.0}",10.0,10.0,20.0,1,1,0,10.0
mlp_aco,7,7907,83,1,"[0, 1, 0]","{""1"": 30.0}",10.0,10.0,20.0,1,1,0,10.0
mlp_aco,7,7908,83,1,"[0, 1, 0]","{""1"": 30.0}",10.0,10.0,20.0,1,1,0,10.0
mlp_aco,7,7909,83,1,"[0, 1, 0]","{""1"": 30.0}",10.0,10.0,20.0,1,1,0,10.0
mlp_aco,7,7910,83,1,"[0, 1, 0]","{""1"": 30.0}",10.0,10.0,20.0,1,1,0,10.0
mlp_aco,7,7911,83,1,"[0, 1, 0]","{""1"": 30.0}",10.0,10.0,20.0,1,1,0,10.0
mlp_aco,7,7912,83,1,"[0, 1, 0]","{""1"": 30.0}",10.0,10.0,20.0,1,1,0,10.0
mlp_aco,7,7913,83,1,"[0, 1, 0]","{""1"": 30.0}",10.0,10.0,20.0,1,1,0,10.0
mlp_aco,7,7914,83,1,"[0, 1, 0]","{""1"": 30.0}",10.0,10.0,20.0,1,1,0,10.0
mlp_aco,7,7915,83,1,"[0, 1, 0]","{""1"": 30.0}",10.0,10.0,20.0,1,1,0,10.0
mlp_aco,7,7916,83,1,"[0, 1, 0]","{""1"": 30.0}",10.0,10.0,20.0,1,1,0,10.0
mlp_aco,7,7917,83,1,"[0, 1, 0]","{""1"": 30.0}",10.0,10.0,20.0,1,1,0,10.0
mlp_aco,7,7918,83,1,"[0, 1, 0]","{""1"": 30.0}",10.0,10.0,20.0,1,1,0,10.0
mlp_aco,7,7919,83,1,"[0, 1, 0]","{""1"": 30.0}",10.0,10.0,20.0,1,1,0,10.0
mlp_aco,7,7920,83,1,"[0, 1, 0]","{""1"": 30.0}",10.0,10.0,20.0,1,1,0,10.0
mlp_aco,7,7921,83,1,"[0, 1, 0]","{""1"": 30.0}",10.0,10.0,20.0,1,1,0,10.0
mlp_aco,7,7922,83,1,"[0, 1, 0]","{""1"": 30.0}",10.0,10.0,20.0,1,1,0,10.0
mlp_aco,7,7923,83,1,"[0, 1, 0]","{""1"": 30.0}",10.0,10.0,20.0,1,1,0,10.0
mlp_aco,7,7924,83,1,"[0, 1, 0]","{""1"": 30.0}",10.0,10.0,20.0,1,1,0,10.0
mlp_aco,7,7925,83,1,"[0, 0]",{},0.0,0.0,30.0,0,0,0,0.0
mlp_aco,7,7926,83,1,"[0, 1, 0]","{""1"": 30.0}",10.0,10.0,20.0,1,1,0,10.0
mlp_aco,7,7927,83,1,"[0, 1, 0]","{""1"": 30.0}",10.0,10.0,20.0,1,1,0,10.0
mlp_aco,7,7928,83,1,"[0, 0]",{},0.0,0.0,30.0,0,0,0,0.0
mlp_aco,7,7929,83,1,"[0, 1, 0]","{""1"": 30.0}",10.0,10.0,20.0,1,1,0,10.0
mlp_aco,7,7930,83,1,"[0, 1, 0]","{""1"": 30.0}",10.0,10.0,20.0,1,1,0,10.0
mlp_aco,7,7931,83,1,"[0, 0]",{},0.0,0.0,30.0,0,0,0,0.0
mlp_aco,7,7932,83,1,"[0, 1, 0]","{""1"": 30.0}",10.0,10.0,20.0,1,1,0,10.0
mlp_aco,7,7933,83,1,"[0, 1, 0]","{""1"": 30.0}",10.0,10.0,20.0,1,1,0,10.0
mlp_aco,7,7934,83,1,"[0, 0]",{},0.0,0.0,30.0,0,0,0,0.0
mlp_aco,7,7935,83,1,"[0, 1, 0]","{""1"": 30.0}",10.0,10.0,20.0,1,1,0,10.0
mlp_aco,7,7936,83,1,"[0, 0]",{},0.0,0.0,30.0,0,0,0,0.0
mlp_aco,7,7937,83,1,"[0, 1, 0]","{""1"": 30.0}",10.0,10.0,20.0,1,1,0,10.0
mlp_aco,7,7938,83,1,"[0, 1, 0]","{""1"": 30.0}",10.0,10.0,20.0,1,1,0,10.0
mlp_aco,7,7939,83,1,"[0, 1, 0]","{""1"": 30.0}",10.0,10.0,20.0,1,1,0,10.0
mlp_aco,7,7940,83,1,"[0, 0]",{},0.0,0.0,30.0,0,0,0,0.0
mlp_aco,7,7941,83,1,"[0, 1, 0]","{""1"": 30.0}",10.0,10.0,20.0,1,1,0,10.0
mlp_aco,7,7942,83,1,"[0, 0]",{},0.0,0.0,30.0,0,0,0,0.0
mlp_aco,7,7943,83,1,"[0, 1, 0]","{""1"": 30.0}",10.0,10.0,20.0,1,1,0,10.0
mlp_aco,7,7944,83,1,"[0, 1, 0]","{""1"": 30.0}",10.0,10.0,20.0,1,1,0,10.0
mlp_aco,7,7945,83,1,"[0, 0]",{},0.0,0.0,30.0,0,0,0,0.0
mlp_aco,7,7946,83,1,"[0, 1, 0]","{""1"": 30.0}",10.0,10.0,20.0,1,1,0,10.0
mlp_aco,7,7947,83,1,"[0, 0]",{},0.0,0.0,30.0,0,0,0,0.0
mlp_aco,7,7948,83,1,"[0, 0]",{},0.0,0.0,30.0,0,0,0,0.0
mlp_aco,7,7949,83,1,"[0, 0]",{},0.0,0.0,30.0,0,0,0,0.0
mlp_aco,7,7950,83,1,"[0, 0]",{},0.0,0.0,30.0,0,0,0,0.0
mlp_aco,7,7951,83,1,"[0, 0]",{},0.0,0.0,30.0,0,0,0,0.0
mlp_aco,7,7952,83,1,"[0, 0]",{},0.0,0.0,30.0,0,0,0,0.0
mlp_aco,7,7953,83,1,"[0, 0]",{},0.0,0.0,30.0,0,0,0,0.0
mlp_aco,7,7954,83,1,"[0, 0]",{},0.0,0.0,30.0,0,0,0,0.0
mlp_aco,7,7955,83,1,"[0, 0]",{},0.0,0.0,30.0,0,0,0,0.0
mlp_aco,7,7956,83,1,"[0, 0]",{},0.0,0.0,30.0,0,0,0,0.0
mlp_aco,7,7957,83,1,"[0, 0]",{},0.0,0.0,30.0,0,0,0,0.0
mlp_aco,7,7958,83,1,"[0, 0]",{},0.0,0.0,30.0,0,0,0,0.0
mlp_aco,7,7959,83,1,"[0, 0]",{},0.0,0.0,30.0,0,0,0,0.0
mlp_aco,7,7960,83,1,"[0, 0]",{},0.0,0.0,30.0,0,0,0,0.0
mlp_aco,7,7961,83,1,"[0, 0]",{},0.0,0.0,30.0,0,0,0,0.0
mlp_aco,7,7962,83,1,"[0, 0]",{},0.0,0.0,30.0,0,0,0,0.0
mlp_aco,7,7963,83,1,"[0, 0]",{},0.0,0.0,30.0,0,0,0,0.0
mlp_aco,7,7964,83,1,"[0, 0]",{},0.0,0.0,30.0,0,0,0,0.0
mlp_aco,7,7965,83,1,"[0, 0]",{},0.0,0.0,30.0,0,0,0,0.0
mlp_aco,7,7966,83,1,"[0, 0]",{},0.0,0.0,30.0,0,0,0,0.0
mlp_aco,7,7967,83,1,"[0, 0]",{},0.0,0.0,30.0,0,0,0,0.0
mlp_aco,7,7968,84,1,"[0, 1, 0]","{""1"": 30.0}",10.0,10.0,20.0,1,1,0,10.0
mlp_aco,7,7969,84,1,"[0, 1, 0]","{""1"": 30.0}",10.0,10.0,20.0,1,1,0,10.0
mlp_aco,7,7970,84,1,"[0, 1, 0]","{""1"": 30.0}",10.0,10.0,20.0,1,1,0,10.0
mlp_aco,7,7971,84,1,"[0, 1, 0]","{""1"": 30.0}",10.0,10.0,20.0,1,1,0,10.0
mlp_aco,7,7972,84,1,"[0, 1, 0]","{""1"": 30.0}",10.0,10.0,20.0,1,1,0,10.0
mlp_aco,7,7973,84,1,"[0, 1, 0]","{""1"": 30.0}",10.0,10.0,20.0,1,1,0,10.0
mlp_aco,7,7974,84,1,"[0, 1, 0]","{""1"": 30.0}",10.0,10.0,20.0,1,1,0,10.0
mlp_aco,7,7975,84,1,"[0, 1, 0]","{""1"": 30.0}",10.0,10.0,20.0,1,1,0,10.0
mlp_aco,7,7976,84,1,"[0, 1, 0]","{""1"": 30.0}",10.0,10.0,20.0,1,1,0,10.0
mlp_aco,7,7977,84,1,"[0, 1, 0]","{""1"": 30.0}",10.0,10.0,20.0,1,1,0,10.0
mlp_aco,7,7978,84,1,"[0, 1, 0]","{""1"": 30.0}",10.0,10.0,20.0,1,1,0,10.0
mlp_aco,7,7979,84,1,"[0, 1, 0]","{""1"": 30.0}",10.0,10.0,20.0,1,1,0,10.0
mlp_aco,7,7980,84,1,"[0, 1, 0]","{""1"": 30.0}",10.0,10.0,20.0,1,1,0,10.0
mlp_aco,7,7981,84,1,"[0, 1, 0]","{""1"": 30.0}",10.0,10.0,20.0,1,1,0,10.0
mlp_aco,7,7982,84,1,"[0, 1, 0]","{""1"": 30.0}",10.0,10.0,20.0,1,1,0,10.0
mlp_aco,7,7983,84,1,"[0, 1, 0]","{""1"": 30.0}",10.0,10.0,20.0,1,1,0,10.0
mlp_aco,7,7984,84,1,"[0, 1, 0]","{""1"": 30.0}",10.0,10.0,20.0,1,1,0,10.0
mlp_aco,7,7985,84,1,"[0, 1, 0]","{""1"": 30.0}",10.0,10.0,20.0,1,1,0,10.0
mlp_aco,7,7986,84,1,"[0, 1, 0]","{""1"": 27.0}",10.0,10.0,20.0,1,1,0,10.0
mlp_aco,7,7987,84,1,"[0, 1, 0]","{""1"": 30.0}",10.0,10.0,20.0,1,1,0,10.0
mlp_aco,7,7988,84,1,"[0, 1, 0]","{""1"": 30.0}",10.0,10.0,20.0,1,1,0,10.0
mlp_aco,7,7989,84,1,"[0, 1, 0]","{""1"": 30.0}",10.0,10.0,20.0,1,1,0,10.0
mlp_aco,7,7990,84,1,"[0, 1, 0]","{""1"": 30.0}",10.0,10.0,20.0,1,1,0,10.0
mlp_aco,7,7991,84,1,"[0, 1, 0]","{""1"": 30.0}",10.0,10.0,20.0,1,1,0,10.0
mlp_aco,7,7992,84,1,"[0, 1, 0]","{""1"": 30.0}",10.0,10.0,20.0,1,1,0,10.0
mlp_aco,7,7993,84,1,"[0, 1, 0]","{""1"": 30.0}",10.0,10.0,20.0,1,1,0,10.0
mlp_aco,7,7994,84,1,"[0, 1, 0]","{""1"": 28.0}",10.0,10.0,20.0,1,1,0,10.0
mlp_aco,7,7995,84,1,"[0, 1, 0]","{""1"": 26.0}",10.0,10.0,20.0,1,1,0,10.0
mlp_aco,7,7996,84,1,"[0, 1, 0]","{""1"": 29.0}",10.0,10.0,20.0,1,1,0,10.0
mlp_aco,7,7997,84,1,"[0, 1, 0]","{""1"": 27.0}",10.0,10.0,20.0,1,1,0,10.0
mlp_aco,7,7998,84,1,"[0, 1, 0]","{""1"": 28.0}",10.0,10.0,20.0,1,1,0,10.0
mlp_aco,7,7999,84,1,"[0, 1, 0]","{""1"": 27.0}",10.0,10.0,20.0,1,1,0,10.0
mlp_aco,7,8000,84,1,"[0, 1, 0]","{""1"": 29.0}",10.0,10.0,20.0,1,1,0,10.0
mlp_aco,7,8001,84,1,"[0, 1, 0]","{""1"": 27.0}",10.0,10.0,20.0,1,1,0,10.0
mlp_aco,7,8002,84,1,"[0, 1, 0]","{""1"": 28.0}",10.0,10.0,20.0,1,1,0,10.0
mlp_aco,7,8003,84,1,"[0, 1, 0]","{""1"": 27.0}",10.0,10.0,20.0,1,1,0,10.0
mlp_aco,7,8004,84,1,"[0, 1, 0]","{""1"": 28.0}",10.0,10.0,20.0,1,1,0,10.0
mlp_aco,7,8005,84,1,"[0, 1, 0]","{""1"": 29.0}",10.0,10.0,20.0,1,1,0,10.0
mlp_aco,7,8006,84,1,"[0, 1, 0]","{""1"": 28.0}",10.0,10.0,20.0,1,1,0,10.0
mlp_aco,7,8007,84,1,"[0, 1, 0]","{""1"": 25.0}",10.0,10.0,20.0,1,1,0,10.0
mlp_aco,7,8008,84,1,"[0, 0]",{},0.0,0.0,30.0,0,0,0,0.0
mlp_aco,7,8009,84,1,"[0, 0]",{},0.0,0.0,30.0,0,0,0,0.0
mlp_aco,7,8010,84,1,"[0, 0]",{},0.0,0.0,30.0,0,0,0,0.0
mlp_aco,7,8011,84,1,"[0, 1, 0]","{""1"": 30.0}",10.0,10.0,20.0,1,1,0,10.0
mlp_aco,7,8012,84,1,"[0, 1, 0]","{""1"": 30.0}",10.0,10.0,20.0,1,1,0,10.0
mlp_aco,7,8013,84,1,"[0, 1, 0]","{""1"": 30.0}",10.0,10.0,20.0,1,1,0,10.0
mlp_aco,7,8014,84,1,"[0, 1, 0]","{""1"": 30.0}",10.0,10.0,20.0,1,1,0,10.0
mlp_aco,7,8015,84,1,"[0, 1, 0]","{""1"": 30.0}",10.0,10.0,20.0,1,1,0,10.0
mlp_aco,7,8016,84,1,"[0, 1, 0]","{""1"": 30.0}",10.0,10.0,20.0,1,1,0,10.0
mlp_aco,7,8017,84,1,"[0, 1, 0]","{""1"": 30.0}",10.0,10.0,20.0,1,1,0,10.0
mlp_aco,7,8018,84,1,"[0, 1, 0]","{""1"": 30.0}",10.0,10.0,20.0,1,1,0,10.0
mlp_aco,7,8019,84,1,"[0, 1, 0]","{""1"": 30.0}",10.0,10.0,20.0,1,1,0,10.0
mlp_aco,7,8020,84,1,"[0, 1, 0]","{""1"": 30.0}",10.0,10.0,20.0,1,1,0,10.0
mlp_aco,7,8021,84,1,"[0, 1, 0]","{""1"": 30.0}",10.0,10.0,20.0,1,1,0,10.0
mlp_aco,7,8022,84,1,"[0, 1, 0]","{""1"": 30.0}",10.0,10.0,20.0,1,1,0,10.0
mlp_aco,7,8023,84,1,"[0, 0]",{},0.0,0.0,30.0,0,0,0,0.0
mlp_aco,7,8024,84,1,"[0, 1, 0]","{""1"": 30.0}",10.0,10.0,20.0,1,1,0,10.0
mlp_aco,7,8025,84,1,"[0, 1, 0]","{""1"": 30.0}",10.0,10.0,20.0,1,1,0,10.0
mlp_aco,7,8026,84,1,"[0, 1, 0]","{""1"": 30.0}",10.0,10.0,20.0,1,1,0,10.0
mlp_aco,7,8027,84,1,"[0, 0]",{},0.0,0.0,30.0,0,0,0,0.0
mlp_aco,7,8028,84,1,"[0, 1, 0]","{""1"": 30.0}",10.0,10.0,20.0,1,1,0,10.0
mlp_aco,7,8029,84,1,"[0, 1, 0]","{""1"": 30.0}",10.0,10.0,20.0,1,1,0,10.0
mlp_aco,7,8030,84,1,"[0, 0]",{},0.0,0.0,30.0,0,0,0,0.0
mlp_aco,7,8031,84,1,"[0, 0]",{},0.0,0.0,30.0,0,0,0,0.0
mlp_aco,7,8032,84,1,"[0, 0]",{},0.0,0.0,30.0,0,0,0,0.0
mlp_aco,7,8033,84,1,"[0, 0]",{},0.0,0.0,30.0,0,0,0,0.0
mlp_aco,7,8034,84,1,"[0, 0]",{},0.0,0.0,30.0,0,0,0,0.0
mlp_aco,7,8035,84,1,"[0, 0]",{},0.0,0.0,30.0,0,0,0,0.0
mlp_aco,7,8036,84,1,"[0, 0]",{},0.0,0.0,30.0,0,0,0,0.0
mlp_aco,7,8037,84,1,"[0, 1, 0]","{""1"": 30.0}",10.0,10.0,20.0,1,1,0,10.0
mlp_aco,7,8038,84,1,"[0, 0]",{},0.0,0.0,30.0,0,0,0,0.0
mlp_aco,7,8039,84,1,"[0, 1, 0]","{""1"": 30.0}",10.0,10.0,20.0,1,1,0,10.0
mlp_aco,7,8040,84,1,"[0, 0]",{},0.0,0.0,30.0,0,0,0,0.0
mlp_aco,7,8041,84,1,"[0, 1, 0]","{""1"": 30.0}",10.0,10.0,20.0,1,1,0,10.0
mlp_aco,7,8042,84,1,"[0, 0]",{},0.0,0.0,30.0,0,0,0,0.0
mlp_aco,7,8043,84,1,"[0, 0]",{},0.0,0.0,30.0,0,0,0,0.0
mlp_aco,7,8044,84,1,"[0, 1, 0]","{""1"": 30.0}",10.0,10.0,20.0,1,1,0,10.0
mlp_aco,7,8045,84,1,"[0, 0]",{},0.0,0.0,30.0,0,0,0,0.0
mlp_aco,7,8046,84,1,"[0, 1, 0]","{""1"": 30.0}",10.0,10.0,20.0,1,1,0,10.0
mlp_aco,7,8047,84,1,"[0, 0]",{},0.0,0.0,30.0,0,0,0,0.0
mlp_aco,7,8048,84,1,"[0, 1, 0]","{""1"": 30.0}",10.0,10.0,20.0,1,1,0,10.0
mlp_aco,7,8049,84,1,"[0, 0]",{},0.0,0.0,30.0,0,0,0,0.0
mlp_aco,7,8050,84,1,"[0, 1, 0]","{""1"": 30.0}",10.0,10.0,20.0,1,1,0,10.0
mlp_aco,7,8051,84,1,"[0, 0]",{},0.0,0.0,30.0,0,0,0,0.0
mlp_aco,7,8052,84,1,"[0, 0]",{},0.0,0.0,30.0,0,0,0,0.0
mlp_aco,7,8053,84,1,"[0, 1, 0]","{""1"": 30.0}",10.0,10.0,20.0,1,1,0,10.0
mlp_aco,7,8054,84,1,"[0, 0]",{},0.0,0.0,30.0,0,0,0,0.0
mlp_aco,7,8055,84,1,"[0, 1, 0]","{""1"": 30.0}",10.0,10.0,20.0,1,1,0,10.0
mlp_aco,7,8056,84,1,"[0, 0]",{},0.0,0.0,30.0,0,0,0,0.0
mlp_aco,7,8057,84,1,"[0, 1, 0]","{""1"": 30.0}",10.0,10.0,20.0,1,1,0,10.0
mlp_aco,7,8058,84,1,"[0, 0]",{},0.0,0.0,30.0,0,0,0,0.0
mlp_aco,7,8059,84,1,"[0, 0]",{},0.0,0.0,30.0,0,0,0,0.0
mlp_aco,7,8060,84,1,"[0, 0]",{},0.0,0.0,30.0,0,0,0,0.0
mlp_aco,7,8061,84,1,"[0, 0]",{},0.0,0.0,30.0,0,0,0,0.0
mlp_aco,7,8062,84,1,"[0, 0]",{},0.0,0.0,30.0,0,0,0,0.0
mlp_aco,7,8063,84,1,"[0, 0]",{},0.0,0.0,30.0,0,0,0,0.0
mlp_aco,7,8064,85,1,"[0, 1, 0]","{""1"": 30.0}",10.0,10.0,20.0,1,1,0,10.0
mlp_aco,7,8065,85,1,"[0, 1, 0]","{""1"": 30.0}",10.0,10.0,20.0,1,1,0,10.0
mlp_aco,7,8066,85,1,"[0, 1, 0]","{""1"": 30.0}",10.0,10.0,20.0,1,1,0,10.0
mlp_aco,7,8067,85,1,"[0, 1, 0]","{""1"": 30.0}",10.0,10.0,20.0,1,1,0,10.0
mlp_aco,7,8068,85,1,"[0, 1, 0]","{""1"": 30.0}",10.0,10.0,20.0,1,1,0,10.0
mlp_aco,7,8069,85,1,"[0, 1, 0]","{""1"": 30.0}",10.0,10.0,20.0,1,1,0,10.0
mlp_aco,7,8070,85,1,"[0, 1, 0]","{""1"": 30.0}",10.0,10.0,20.0,1,1,0,10.0
mlp_aco,7,8071,85,1,"[0, 1, 0]","{""1"": 30.0}",10.0,10.0,20.0,1,1,0,10.0
mlp_aco,7,8072,85,1,"[0, 1, 0]","{""1"": 30.0}",10.0,10.0,20.0,1,1,0,10.0
mlp_aco,7,8073,85,1,"[0, 1, 0]","{""1"": 30.0}",10.0,10.0,20.0,1,1,0,10.0
mlp_aco,7,8074,85,1,"[0, 1, 0]","{""1"": 30.0}",10.0,10.0,20.0,1,1,0,10.0
mlp_aco,7,8075,85,1,"[0, 1, 0]","{""1"": 30.0}",10.0,10.0,20.0,1,1,0,10.0
mlp_aco,7,8076,85,1,"[0, 1, 0]","{""1"": 30.0}",10.0,10.0,20.0,1,1,0,10.0
mlp_aco,7,8077,85,1,"[0, 1, 0]","{""1"": 30.0}",10.0,10.0,20.0,1,1,0,10.0
mlp_aco,7,8078,85,1,"[0, 1, 0]","{""1"": 30.0}",10.0,10.0,20.0,1,1,0,10.0
mlp_aco,7,8079,85,1,"[0, 1, 0]","{""1"": 30.0}",10.0,10.0,20.0,1,1,0,10.0
mlp_aco,7,8080,85,1,"[0, 1, 0]","{""1"": 30.0}",10.0,10.0,20.0,1,1,0,10.0
mlp_aco,7,8081,85,1,"[0, 1, 0]","{""1"": 30.0}",10.0,10.0,20.0,1,1,0,10.0
mlp_aco,7,8082,85,1,"[0, 1, 0]","{""1"": 30.0}",10.0,10.0,20.0,1,1,0,10.0
mlp_aco,7,8083,85,1,"[0, 1, 0]","{""1"": 30.0}",10.0,10.0,20.0,1,1,0,10.0
mlp_aco,7,8084,85,1,"[0, 1, 0]","{""1"": 30.0}",10.0,10.0,20.0,1,1,0,10.0
mlp_aco,7,8085,85,1,"[0, 1, 0]","{""1"": 30.0}",10.0,10.0,20.0,1,1,0,10.0
mlp_aco,7,8086,85,1,"[0, 1, 0]","{""1"": 30.0}",10.0,10.0,20.0,1,1,0,10.0
mlp_aco,7,8087,85,1,"[0, 1, 0]","{""1"": 30.0}",10.0,10.0,20.0,1,1,0,10.0
mlp_aco,7,8088,85,1,"[0, 1, 0]","{""1"": 30.0}",10.0,10.0,20.0,1,1,0,10.0
mlp_aco,7,8089,85,1,"[0, 1, 0]","{""1"": 30.0}",10.0,10.0,20.0,1,1,0,10.0
mlp_aco,7,8090,85,1,"[0, 1, 0]","{""1"": 30.0}",10.0,10.0,20.0,1,1,0,10.0
mlp_aco,7,8091,85,1,"[0, 1, 0]","{""1"": 30.0}",10.0,10.0,20.0,1,1,0,10.0
mlp_aco,7,8092,85,1,"[0, 1, 0]","{""1"": 30.0}",10.0,10.0,20.0,1,1,0,10.0
mlp_aco,7,8093,85,1,"[0, 1, 0]","{""1"": 30.0}",10.0,10.0,20.0,1,1,0,10.0
mlp_aco,7,8094,85,1,"[0, 1, 0]","{""1"": 30.0}",10.0,10.0,20.0,1,1,0,10.0
mlp_aco,7,8095,85,1,"[0, 1, 0]","{""1"": 30.0}",10.0,10.0,20.0,1,1,0,10.0
mlp_aco,7,8096,85,1,"[0, 1, 0]","{""1"": 30.0}",10.0,10.0,20.0,1,1,0,10.0
mlp_aco,7,8097,85,1,"[0, 1, 0]","{""1"": 26.0}",10.0,10.0,20.0,1,1,0,10.0
mlp_aco,7,8098,85,1,"[0, 1, 0]","{""1"": 29.0}",10.0,10.0,20.0,1,1,0,10.0
mlp_aco,7,8099,85,1,"[0, 1, 0]","{""1"": 26.0}",10.0,10.0,20.0,1,1,0,10.0
mlp_aco,7,8100,85,1,"[0, 1, 0]","{""1"": 29.0}",10.0,10.0,20.0,1,1,0,10.0
mlp_aco,7,8101,85,1,"[0, 1, 0]","{""1"": 26.0}",10.0,10.0,20.0,1,1,0,10.0
mlp_aco,7,8102,85,1,"[0, 1, 0]","{""1"": 29.0}",10.0,10.0,20.0,1,1,0,10.0
mlp_aco,7,8103,85,1,"[0, 1, 0]","{""1"": 26.0}",10.0,10.0,20.0,1,1,0,10.0
mlp_aco,7,8104,85,1,"[0, 1, 0]","{""1"": 27.0}",10.0,10.0,20.0,1,1,0,10.0
mlp_aco,7,8105,85,1,"[0, 1, 0]","{""1"": 28.0}",10.0,10.0,20.0,1,1,0,10.0
mlp_aco,7,8106,85,1,"[0, 1, 0]","{""1"": 26.0}",10.0,10.0,20.0,1,1,0,10.0
mlp_aco,7,8107,85,1,"[0, 1, 0]","{""1"": 23.0}",10.0,10.0,20.0,1,1,0,10.0
mlp_aco,7,8108,85,1,"[0, 0]",{},0.0,0.0,30.0,0,0,0,0.0
mlp_aco,7,8109,85,1,"[0, 0]",{},0.0,0.0,30.0,0,0,0,0.0
mlp_aco,7,8110,85,1,"[0, 1, 0]","{""1"": 30.0}",10.0,10.0,20.0,1,1,0,10.0
mlp_aco,7,8111,85,1,"[0, 0]",{},0.0,0.0,30.0,0,0,0,0.0
mlp_aco,7,8112,85,1,"[0, 1, 0]","{""1"": 30.0}",10.0,10.0,20.0,1,1,0,10.0
mlp_aco,7,8113,85,1,"[0, 0]",{},0.0,0.0,30.0,0,0,0,0.0
mlp_aco,7,8114,85,1,"[0, 1, 0]","{""1"": 30.0}",10.0,10.0,20.0,1,1,0,10.0
mlp_aco,7,8115,85,1,"[0, 0]",{},0.0,0.0,30.0,0,0,0,0.0
mlp_aco,7,8116,85,1,"[0, 0]",{},0.0,0.0,30.0,0,0,0,0.0
mlp_aco,7,8117,85,1,"[0, 0]",{},0.0,0.0,30.0,0,0,0,0.0
mlp_aco,7,8118,85,1,"[0, 0]",{},0.0,0.0,30.0,0,0,0,0.0
mlp_aco,7,8119,85,1,"[0, 0]",{},0.0,0.0,30.0,0,0,0,0.0
mlp_aco,7,8120,85,1,"[0, 0]",{},0.0,0.0,30.0,0,0,0,0.0
mlp_aco,7,8121,85,1,"[0, 0]",{},0.0,0.0,30.0,0,0,0,0.0
mlp_aco,7,8122,85,1,"[0, 1, 0]","{""1"": 30.0}",10.0,10.0,20.0,1,1,0,10.0
mlp_aco,7,8123,85,1,"[0, 0]",{},0.0,0.0,30.0,0,0,0,0.0
mlp_aco,7,8124,85,1,"[0, 1, 0]","{""1"": 30.0}",10.0,10.0,20.0,1,1,0,10.0
mlp_aco,7,8125,85,1,"[0, 0]",{},0.0,0.0,30.0,0,0,0,0.0
mlp_aco,7,8126,85,1,"[0, 0]",{},0.0,0.0,30.0,0,0,0,0.0
mlp_aco,7,8127,85,1,"[0, 1, 0]","{""1"": 30.0}",10.0,10.0,20.0,1,1,0,10.0
mlp_aco,7,8128,85,1,"[0, 0]",{},0.0,0.0,30.0,0,0,0,0.0
mlp_aco,7,8129,85,1,"[0, 0]",{},0.0,0.0,30.0,0,0,0,0.0
mlp_aco,7,8130,85,1,"[0, 0]",{},0.0,0.0,30.0,0,0,0,0.0
mlp_aco,7,8131,85,1,"[0, 0]",{},0.0,0.0,30.0,0,0,0,0.0
mlp_aco,7,8132,85,1,"[0, 0]",{},0.0,0.0,30.0,0,0,0,0.0
mlp_aco,7,8133,85,1,"[0, 0]",{},0.0,0.0,30.0,0,0,0,0.0
mlp_aco,7,8134,85,1,"[0, 0]",{},0.0,0.0,30.0,0,0,0,0.0
mlp_aco,7,8135,85,1,"[0, 0]",{},0.0,0.0,30.0,0,0,0,0.0
mlp_aco,7,8136,85,1,"[0, 0]",{},0.0,0.0,30.0,0,0,0,0.0
mlp_aco,7,8137,85,1,"[0, 0]",{},0.0,0.0,30.0,0,0,0,0.0
mlp_aco,7,8138,85,1,"[0, 0]",{},0.0,0.0,30.0,0,0,0,0.0
mlp_aco,7,8139,85,1,"[0, 0]",{},0.0,0.0,30.0,0,0,0,0.0
mlp_aco,7,8140,85,1,"[0, 0]",{},0.0,0.0,30.0,0,0,0,0.0
mlp_aco,7,8141,85,1,"[0, 0]",{},0.0,0.0,30.0,0,0,0,0.0
mlp_aco,7,8142,85,1,"[0, 0]",{},0.0,0.0,30.0,0,0,0,0.0
mlp_aco,7,8143,85,1,"[0, 0]",{},0.0,0.0,30.0,0,0,0,0.0
mlp_aco,7,8144,85,1,"[0, 0]",{},0.0,0.0,30.0,0,0,0,0.0
mlp_aco,7,8145,85,1,"[0, 0]",{},0.0,0.0,30.0,0,0,0,0.0
mlp_aco,7,8146,85,1,"[0, 0]",{},0.0,0.0,30.0,0,0,0,0.0
mlp_aco,7,8147,85,1,"[0, 0]",{},0.0,0.0,30.0,0,0,0,0.0
mlp_aco,7,8148,85,1,"[0, 0]",{},0.0,0.0,30.0,0,0,0,0.0
mlp_aco,7,8149,85,1,"[0, 0]",{},0.0,0.0,30.0,0,0,0,0.0
mlp_aco,7,8150,85,1,"[0, 0]",{},0.0,0.0,30.0,0,0,0,0.0
mlp_aco,7,8151,85,1,"[0, 0]",{},0.0,0.0,30.0,0,0,0,0.0
mlp_aco,7,8152,85,1,"[0, 0]",{},0.0,0.0,30.0,0,0,0,0.0
mlp_aco,7,8153,85,1,"[0, 0]",{},0.0,0.0,30.0,0,0,0,0.0
mlp_aco,7,8154,85,1,"[0, 0]",{},0.0,0.0,30.0,0,0,0,0.0
mlp_aco,7,8155,85,1,"[0, 0]",{},0.0,0.0,30.0,0,0,0,0.0
mlp_aco,7,8156,85,1,"[0, 0]",{},0.0,0.0,30.0,0,0,0,0.0
mlp_aco,7,8157,85,1,"[0, 0]",{},0.0,0.0,30.0,0,0,0,0.0
mlp_aco,7,8158,85,1,"[0, 0]",{},0.0,0.0,30.0,0,0,0,0.0
mlp_aco,7,8159,85,1,"[0, 0]",{},0.0,0.0,30.0,0,0,0,0.0
mlp_aco,7,8160,86,1,"[0, 1, 0]","{""1"": 30.0}",10.0,10.0,20.0,1,1,0,10.0
mlp_aco,7,8161,86,1,"[0, 1, 0]","{""1"": 30.0}",10.0,10.0,20.0,1,1,0,10.0
mlp_aco,7,8162,86,1,"[0, 1, 0]","{""1"": 30.0}",10.0,10.0,20.0,1,1,0,10.0
mlp_aco,7,8163,86,1,"[0, 1, 0]","{""1"": 30.0}",10.0,10.0,20.0,1,1,0,10.0
mlp_aco,7,8164,86,1,"[0, 1, 0]","{""1"": 30.0}",10.0,10.0,20.0,1,1,0,10.0
mlp_aco,7,8165,86,1,"[0, 1, 0]","{""1"": 30.0}",10.0,10.0,20.0,1,1,0,10.0
mlp_aco,7,8166,86,1,"[0, 1, 0]","{""1"": 30.0}",10.0,10.0,20.0,1,1,0,10.0
mlp_aco,7,8167,86,1,"[0, 1, 0]","{""1"": 30.0}",10.0,10.0,20.0,1,1,0,10.0
mlp_aco,7,8168,86,1,"[0, 1, 0]","{""1"": 30.0}",10.0,10.0,20.0,1,1,0,10.0
mlp_aco,7,8169,86,1,"[0, 1, 0]","{""1"": 30.0}",10.0,10.0,20.0,1,1,0,10.0
mlp_aco,7,8170,86,1,"[0, 1, 0]","{""1"": 30.0}",10.0,10.0,20.0,1,1,0,10.0
mlp_aco,7,8171,86,1,"[0, 1, 0]","{""1"": 30.0}",10.0,10.0,20.0,1,1,0,10.0
mlp_aco,7,8172,86,1,"[0, 1, 0]","{""1"": 30.0}",10.0,10.0,20.0,1,1,0,10.0
mlp_aco,7,8173,86,1,"[0, 1, 0]","{""1"": 30.0}",10.0,10.0,20.0,1,1,0,10.0
mlp_aco,7,8174,86,1,"[0, 1, 0]","{""1"": 30.0}",10.0,10.0,20.0,1,1,0,10.0
mlp_aco,7,8175,86,1,"[0, 1, 0]","{""1"": 30.0}",10.0,10.0,20.0,1,1,0,10.0
mlp_aco,7,8176,86,1,"[0, 1, 0]","{""1"": 30.0}",10.0,10.0,20.0,1,1,0,10.0
mlp_aco,7,8177,86,1,"[0, 1, 0]","{""1"": 30.0}",10.0,10.0,20.0,1,1,0,10.0
mlp_aco,7,8178,86,1,"[0, 1, 0]","{""1"": 30.0}",10.0,10.0,20.0,1,1,0,10.0
mlp_aco,7,8179,86,1,"[0, 1, 0]","{""1"": 30.0}",10.0,10.0,20.0,1,1,0,10.0
mlp_aco,7,8180,86,1,"[0, 1, 0]","{""1"": 30.0}",10.0,10.0,20.0,1,1,0,10.0
mlp_aco,7,8181,86,1,"[0, 1, 0]","{""1"": 30.0}",10.0,10.0,20.0,1,1,0,10.0
mlp_aco,7,8182,86,1,"[0, 1, 0]","{""1"": 30.0}",10.0,10.0,20.0,1,1,0,10.0
mlp_aco,7,8183,86,1,"[0, 1, 0]","{""1"": 30.0}",10.0,10.0,20.0,1,1,0,10.0
mlp_aco,7,8184,86,1,"[0, 1, 0]","{""1"": 30.0}",10.0,10.0,20.0,1,1,0,10.0
mlp_aco,7,8185,86,1,"[0, 1, 0]","{""1"": 30.0}",10.0,10.0,20.0,1,1,0,10.0
mlp_aco,7,8186,86,1,"[0, 1, 0]","{""1"": 30.0}",10.0,10.0,20.0,1,1,0,10.0
mlp_aco,7,8187,86,1,"[0, 1, 0]","{""1"": 30.0}",10.0,10.0,20.0,1,1,0,10.0
mlp_aco,7,8188,86,1,"[0, 1, 0]","{""1"": 30.0}",10.0,10.0,20.0,1,1,0,10.0
mlp_aco,7,8189,86,1,"[0, 1, 0]","{""1"": 30.0}",10.0,10.0,20.0,1,1,0,10.0
mlp_aco,7,8190,86,1,"[0, 1, 0]","{""1"": 30.0}",10.0,10.0,20.0,1,1,0,10.0
mlp_aco,7,8191,86,1,"[0, 1, 0]","{""1"": 30.0}",10.0,10.0,20.0,1,1,0,10.0
mlp_aco,7,8192,86,1,"[0, 1, 0]","{""1"": 30.0}",10.0,10.0,20.0,1,1,0,10.0
mlp_aco,7,8193,86,1,"[0, 1, 0]","{""1"": 30.0}",10.0,10.0,20.0,1,1,0,10.0
mlp_aco,7,8194,86,1,"[0, 1, 0]","{""1"": 30.0}",10.0,10.0,20.0,1,1,0,10.0
mlp_aco,7,8195,86,1,"[0, 1, 0]","{""1"": 30.0}",10.0,10.0,20.0,1,1,0,10.0
mlp_aco,7,8196,86,1,"[0, 1, 0]","{""1"": 30.0}",10.0,10.0,20.0,1,1,0,10.0
mlp_aco,7,8197,86,1,"[0, 1, 0]","{""1"": 30.0}",10.0,10.0,20.0,1,1,0,10.0
mlp_aco,7,8198,86,1,"[0, 1, 0]","{""1"": 30.0}",10.0,10.0,20.0,1,1,0,10.0
mlp_aco,7,8199,86,1,"[0, 1, 0]","{""1"": 30.0}",10.0,10.0,20.0,1,1,0,10.0
mlp_aco,7,8200,86,1,"[0, 1, 0]","{""1"": 30.0}",10.0,10.0,20.0,1,1,0,10.0
mlp_aco,7,8201,86,1,"[0, 1, 0]","{""1"": 30.0}",10.0,10.0,20.0,1,1,0,10.0
mlp_aco,7,8202,86,1,"[0, 1, 0]","{""1"": 30.0}",10.0,10.0,20.0,1,1,0,10.0
mlp_aco,7,8203,86,1,"[0, 0]",{},0.0,0.0,30.0,0,0,0,0.0
mlp_aco,7,8204,86,1,"[0, 1, 0]","{""1"": 30.0}",10.0,10.0,20.0,1,1,0,10.0
mlp_aco,7,8205,86,1,"[0, 1, 0]","{""1"": 30.0}",10.0,10.0,20.0,1,1,0,10.0
mlp_aco,7,8206,86,1,"[0, 0]",{},0.0,0.0,30.0,0,0,0,0.0
mlp_aco,7,8207,86,1,"[0, 1, 0]","{""1"": 30.0}",10.0,10.0,20.0,1,1,0,10.0
mlp_aco,7,8208,86,1,"[0, 0]",{},0.0,0.0,30.0,0,0,0,0.0
mlp_aco,7,8209,86,1,"[0, 1, 0]","{""1"": 30.0}",10.0,10.0,20.0,1,1,0,10.0
mlp_aco,7,8210,86,1,"[0, 0]",{},0.0,0.0,30.0,0,0,0,0.0
mlp_aco,7,8211,86,1,"[0, 0]",{},0.0,0.0,30.0,0,0,0,0.0
mlp_aco,7,8212,86,1,"[0, 0]",{},0.0,0.0,30.0,0,0,0,0.0
mlp_aco,7,8213,86,1,"[0, 0]",{},0.0,0.0,30.0,0,0,0,0.0
mlp_aco,7,8214,86,1,"[0, 0]",{},0.0,0.0,30.0,0,0,0,0.0
mlp_aco,7,8215,86,1,"[0, 0]",{},0.0,0.0,30.0,0,0,0,0.0
mlp_aco,7,8216,86,1,"[0, 0]",{},0.0,0.0,30.0,0,0,0,0.0
mlp_aco,7,8217,86,1,"[0, 0]",{},0.0,0.0,30.0,0,0,0,0.0
mlp_aco,7,8218,86,1,"[0, 0]",{},0.0,0.0,30.0,0,0,0,0.0
mlp_aco,7,8219,86,1,"[0, 0]",{},0.0,0.0,30.0,0,0,0,0.0
mlp_aco,7,8220,86,1,"[0, 0]",{},0.0,0.0,30.0,0,0,0,0.0
mlp_aco,7,8221,86,1,"[0, 0]",{},0.0,0.0,30.0,0,0,0,0.0
mlp_aco,7,8222,86,1,"[0, 0]",{},0.0,0.0,30.0,0,0,0,0.0
mlp_aco,7,8223,86,1,"[0, 0]",{},0.0,0.0,30.0,0,0,0,0.0
mlp_aco,7,8224,86,1,"[0, 0]",{},0.0,0.0,30.0,0,0,0,0.0
mlp_aco,7,8225,86,1,"[0, 0]",{},0.0,0.0,30.0,0,0,0,0.0
mlp_aco,7,8226,86,1,"[0, 0]",{},0.0,0.0,30.0,0,0,0,0.0
mlp_aco,7,8227,86,1,"[0, 0]",{},0.0,0.0,30.0,0,0,0,0.0
mlp_aco,7,8228,86,1,"[0, 0]",{},0.0,0.0,30.0,0,0,0,0.0
mlp_aco,7,8229,86,1,"[0, 0]",{},0.0,0.0,30.0,0,0,0,0.0
mlp_aco,7,8230,86,1,"[0, 0]",{},0.0,0.0,30.0,0,0,0,0.0
mlp_aco,7,8231,86,1,"[0, 0]",{},0.0,0.0,30.0,0,0,0,0.0
mlp_aco,7,8232,86,1,"[0, 0]",{},0.0,0.0,30.0,0,0,0,0.0
mlp_aco,7,8233,86,1,"[0, 0]",{},0.0,0.0,30.0,0,0,0,0.0
mlp_aco,7,8234,86,1,"[0, 0]",{},0.0,0.0,30.0,0,0,0,0.0
mlp_aco,7,8235,86,1,"[0, 0]",{},0.0,0.0,30.0,0,0,0,0.0
mlp_aco,7,8236,86,1,"[0, 0]",{},0.0,0.0,30.0,0,0,0,0.0
mlp_aco,7,8237,86,1,"[0, 0]",{},0.0,0.0,30.0,0,0,0,0.0
mlp_aco,7,8238,86,1,"[0, 0]",{},0.0,0.0,30.0,0,0,0,0.0
mlp_aco,7,8239,86,1,"[0, 0]",{},0.0,0.0,30.0,0,0,0,0.0
mlp_aco,7,8240,86,1,"[0, 0]",{},0.0,0.0,30.0,0,0,0,0.0
mlp_aco,7,8241,86,1,"[0, 0]",{},0.0,0.0,30.0,0,0,0,0.0
mlp_aco,7,8242,86,1,"[0, 0]",{},0.0,0.0,30.0,0,0,0,0.0
mlp_aco,7,8243,86,1,"[0, 0]",{},0.0,0.0,30.0,0,0,0,0.0
mlp_aco,7,8244,86,1,"[0, 0]",{},0.0,0.0,30.0,0,0,0,0.0
mlp_aco,7,8245,86,1,"[0, 0]",{},0.0,0.0,30.0,0,0,0,0.0
mlp_aco,7,8246,86,1,"[0, 0]",{},0.0,0.0,30.0,0,0,0,0.0
mlp_aco,7,8247,86,1,"[0, 0]",{},0.0,0.0,30.0,0,0,0,0.0
mlp_aco,7,8248,86,1,"[0, 0]",{},0.0,0.0,30.0,0,0,0,0.0
mlp_aco,7,8249,86,1,"[0, 0]",{},0.0,0.0,30.0,0,0,0,0.0
mlp_aco,7,8250,86,1,"[0, 0]",{},0.0,0.0,30.0,0,0,0,0.0
mlp_aco,7,8251,86,1,"[0, 0]",{},0.0,0.0,30.0,0,0,0,0.0
mlp_aco,7,8252,86,1,"[0, 0]",{},0.0,0.0,30.0,0,0,0,0.0
mlp_aco,7,8253,86,1,"[0, 0]",{},0.0,0.0,30.0,0,0,0,0.0
mlp_aco,7,8254,86,1,"[0, 0]",{},0.0,0.0,30.0,0,0,0,0.0
mlp_aco,7,8255,86,1,"[0, 0]",{},0.0,0.0,30.0,0,0,0,0.0
mlp_aco,7,8256,87,1,"[0, 1, 0]","{""1"": 30.0}",10.0,10.0,20.0,1,1,0,10.0
mlp_aco,7,8257,87,1,"[0, 1, 0]","{""1"": 30.0}",10.0,10.0,20.0,1,1,0,10.0
mlp_aco,7,8258,87,1,"[0, 1, 0]","{""1"": 30.0}",10.0,10.0,20.0,1,1,0,10.0
mlp_aco,7,8259,87,1,"[0, 1, 0]","{""1"": 30.0}",10.0,10.0,20.0,1,1,0,10.0
mlp_aco,7,8260,87,1,"[0, 1, 0]","{""1"": 30.0}",10.0,10.0,20.0,1,1,0,10.0
mlp_aco,7,8261,87,1,"[0, 1, 0]","{""1"": 30.0}",10.0,10.0,20.0,1,1,0,10.0
mlp_aco,7,8262,87,1,"[0, 1, 0]","{""1"": 30.0}",10.0,10.0,20.0,1,1,0,10.0
mlp_aco,7,8263,87,1,"[0, 1, 0]","{""1"": 30.0}",10.0,10.0,20.0,1,1,0,10.0
mlp_aco,7,8264,87,1,"[0, 1, 0]","{""1"": 30.0}",10.0,10.0,20.0,1,1,0,10.0
mlp_aco,7,8265,87,1,"[0, 1, 0]","{""1"": 30.0}",10.0,10.0,20.0,1,1,0,10.0
mlp_aco,7,8266,87,1,"[0, 1, 0]","{""1"": 30.0}",10.0,10.0,20.0,1,1,0,10.0
mlp_aco,7,8267,87,1,"[0, 1, 0]","{""1"": 30.0}",10.0,10.0,20.0,1,1,0,10.0
mlp_aco,7,8268,87,1,"[0, 1, 0]","{""1"": 30.0}",10.0,10.0,20.0,1,1,0,10.0
mlp_aco,7,8269,87,1,"[0, 1, 0]","{""1"": 30.0}",10.0,10.0,20.0,1,1,0,10.0
mlp_aco,7,8270,87,1,"[0, 1, 0]","{""1"": 30.0}",10.0,10.0,20.0,1,1,0,10.0
mlp_aco,7,8271,87,1,"[0, 1, 0]","{""1"": 30.0}",10.0,10.0,20.0,1,1,0,10.0
mlp_aco,7,8272,87,1,"[0, 1, 0]","{""1"": 30.0}",10.0,10.0,20.0,1,1,0,10.0
mlp_aco,7,8273,87,1,"[0, 1, 0]","{""1"": 30.0}",10.0,10.0,20.0,1,1,0,10.0
mlp_aco,7,8274,87,1,"[0, 1, 0]","{""1"": 30.0}",10.0,10.0,20.0,1,1,0,10.0
mlp_aco,7,8275,87,1,"[0, 1, 0]","{""1"": 30.0}",10.0,10.0,20.0,1,1,0,10.0
mlp_aco,7,8276,87,1,"[0, 1, 0]","{""1"": 30.0}",10.0,10.0,20.0,1,1,0,10.0
mlp_aco,7,8277,87,1,"[0, 1, 0]","{""1"": 30.0}",10.0,10.0,20.0,1,1,0,10.0
mlp_aco,7,8278,87,1,"[0, 1, 0]","{""1"": 30.0}",10.0,10.0,20.0,1,1,0,10.0
mlp_aco,7,8279,87,1,"[0, 1, 0]","{""1"": 30.0}",10.0,10.0,20.0,1,1,0,10.0
mlp_aco,7,8280,87,1,"[0, 1, 0]","{""1"": 30.0}",10.0,10.0,20.0,1,1,0,10.0
mlp_aco,7,8281,87,1,"[0, 1, 0]","{""1"": 30.0}",10.0,10.0,20.0,1,1,0,10.0
mlp_aco,7,8282,87,1,"[0, 1, 0]","{""1"": 30.0}",10.0,10.0,20.0,1,1,0,10.0
mlp_aco,7,8283,87,1,"[0, 1, 0]","{""1"": 30.0}",10.0,10.0,20.0,1,1,0,10.0
mlp_aco,7,8284,87,1,"[0, 1, 0]","{""1"": 30.0}",10.0,10.0,20.0,1,1,0,10.0
mlp_aco,7,8285,87,1,"[0, 1, 0]","{""1"": 30.0}",10.0,10.0,20.0,1,1,0,10.0
mlp_aco,7,8286,87,1,"[0, 1, 0]","{""1"": 30.0}",10.0,10.0,20.0,1,1,0,10.0
mlp_aco,7,8287,87,1,"[0, 1, 0]","{""1"": 30.0}",10.0,10.0,20.0,1,1,0,10.0
mlp_aco,7,8288,87,1,"[0, 1, 0]","{""1"": 30.0}",10.0,10.0,20.0,1,1,0,10.0
mlp_aco,7,8289,87,1,"[0, 1, 0]","{""1"": 30.0}",10.0,10.0,20.0,1,1,0,10.0
mlp_aco,7,8290,87,1,"[0, 1, 0]","{""1"": 30.0}",10.0,10.0,20.0,1,1,0,10.0
mlp_aco,7,8291,87,1,"[0, 1, 0]","{""1"": 30.0}",10.0,10.0,20.0,1,1,0,10.0
mlp_aco,7,8292,87,1,"[0, 1, 0]","{""1"": 30.0}",10.0,10.0,20.0,1,1,0,10.0
mlp_aco,7,8293,87,1,"[0, 1, 0]","{""1"": 30.0}",10.0,10.0,20.0,1,1,0,10.0
mlp_aco,7,8294,87,1,"[0, 1, 0]","{""1"": 30.0}",10.0,10.0,20.0,1,1,0,10.0
mlp_aco,7,8295,87,1,"[0, 1, 0]","{""1"": 30.0}",10.0,10.0,20.0,1,1,0,10.0
mlp_aco,7,8296,87,1,"[0, 1, 0]","{""1"": 30.0}",10.0,10.0,20.0,1,1,0,10.0
mlp_aco,7,8297,87,1,"[0, 1, 0]","{""1"": 30.0}",10.0,10.0,20.0,1,1,0,10.0
mlp_aco,7,8298,87,1,"[0, 1, 0]","{""1"": 30.0}",10.0,10.0,20.0,1,1,0,10.0
mlp_aco,7,8299,87,1,"[0, 1, 0]","{""1"": 30.0}",10.0,10.0,20.0,1,1,0,10.0
mlp_aco,7,8300,87,1,"[0, 1, 0]","{""1"": 30.0}",10.0,10.0,20.0,1,1,0,10.0
mlp_aco,7,8301,87,1,"[0, 1, 0]","{""1"": 30.0}",10.0,10.0,20.0,1,1,0,10.0
mlp_aco,7,8302,87,1,"[0, 1, 0]","{""1"": 30.0}",10.0,10.0,20.0,1,1,0,10.0
mlp_aco,7,8303,87,1,"[0, 1, 0]","{""1"": 30.0}",10.0,10.0,20.0,1,1,0,10.0
mlp_aco,7,8304,87,1,"[0, 0]",{},0.0,0.0,30.0,0,0,0,0.0
mlp_aco,7,8305,87,1,"[0, 1, 0]","{""1"": 30.0}",10.0,10.0,20.0,1,1,0,10.0
mlp_aco,7,8306,87,1,"[0, 0]",{},0.0,0.0,30.0,0,0,0,0.0
mlp_aco,7,8307,87,1,"[0, 1, 0]","{""1"": 30.0}",10.0,10.0,20.0,1,1,0,10.0
mlp_aco,7,8308,87,1,"[0, 1, 0]","{""1"": 30.0}",10.0,10.0,20.0,1,1,0,10.0
mlp_aco,7,8309,87,1,"[0, 1, 0]","{""1"": 30.0}",10.0,10.0,20.0,1,1,0,10.0
mlp_aco,7,8310,87,1,"[0, 0]",{},0.0,0.0,30.0,0,0,0,0.0
mlp_aco,7,8311,87,1,"[0, 0]",{},0.0,0.0,30.0,0,0,0,0.0
mlp_aco,7,8312,87,1,"[0, 1, 0]","{""1"": 30.0}",10.0,10.0,20.0,1,1,0,10.0
mlp_aco,7,8313,87,1,"[0, 0]",{},0.0,0.0,30.0,0,0,0,0.0
mlp_aco,7,8314,87,1,"[0, 1, 0]","{""1"": 30.0}",10.0,10.0,20.0,1,1,0,10.0
mlp_aco,7,8315,87,1,"[0, 1, 0]","{""1"": 30.0}",10.0,10.0,20.0,1,1,0,10.0
mlp_aco,7,8316,87,1,"[0, 0]",{},0.0,0.0,30.0,0,0,0,0.0
mlp_aco,7,8317,87,1,"[0, 1, 0]","{""1"": 30.0}",10.0,10.0,20.0,1,1,0,10.0
mlp_aco,7,8318,87,1,"[0, 0]",{},0.0,0.0,30.0,0,0,0,0.0
mlp_aco,7,8319,87,1,"[0, 0]",{},0.0,0.0,30.0,0,0,0,0.0
mlp_aco,7,8320,87,1,"[0, 0]",{},0.0,0.0,30.0,0,0,0,0.0
mlp_aco,7,8321,87,1,"[0, 0]",{},0.0,0.0,30.0,0,0,0,0.0
mlp_aco,7,8322,87,1,"[0, 0]",{},0.0,0.0,30.0,0,0,0,0.0
mlp_aco,7,8323,87,1,"[0, 0]",{},0.0,0.0,30.0,0,0,0,0.0
mlp_aco,7,8324,87,1,"[0, 0]",{},0.0,0.0,30.0,0,0,0,0.0
mlp_aco,7,8325,87,1,"[0, 0]",{},0.0,0.0,30.0,0,0,0,0.0
mlp_aco,7,8326,87,1,"[0, 1, 0]","{""1"": 30.0}",10.0,10.0,20.0,1,1,0,10.0
mlp_aco,7,8327,87,1,"[0, 0]",{},0.0,0.0,30.0,0,0,0,0.0
mlp_aco,7,8328,87,1,"[0, 0]",{},0.0,0.0,30.0,0,0,0,0.0
mlp_aco,7,8329,87,1,"[0, 0]",{},0.0,0.0,30.0,0,0,0,0.0
mlp_aco,7,8330,87,1,"[0, 1, 0]","{""1"": 30.0}",10.0,10.0,20.0,1,1,0,10.0
mlp_aco,7,8331,87,1,"[0, 0]",{},0.0,0.0,30.0,0,0,0,0.0
mlp_aco,7,8332,87,1,"[0, 0]",{},0.0,0.0,30.0,0,0,0,0.0
mlp_aco,7,8333,87,1,"[0, 0]",{},0.0,0.0,30.0,0,0,0,0.0
mlp_aco,7,8334,87,1,"[0, 0]",{},0.0,0.0,30.0,0,0,0,0.0
mlp_aco,7,8335,87,1,"[0, 0]",{},0.0,0.0,30.0,0,0,0,0.0
mlp_aco,7,8336,87,1,"[0, 0]",{},0.0,0.0,30.0,0,0,0,0.0
mlp_aco,7,8337,87,1,"[0, 0]",{},0.0,0.0,30.0,0,0,0,0.0
mlp_aco,7,8338,87,1,"[0, 0]",{},0.0,0.0,30.0,0,0,0,0.0
mlp_aco,7,8339,87,1,"[0, 0]",{},0.0,0.0,30.0,0,0,0,0.0
mlp_aco,7,8340,87,1,"[0, 0]",{},0.0,0.0,30.0,0,0,0,0.0
mlp_aco,7,8341,87,1,"[0, 0]",{},0.0,0.0,30.0,0,0,0,0.0
mlp_aco,7,8342,87,1,"[0, 0]",{},0.0,0.0,30.0,0,0,0,0.0
mlp_aco,7,8343,87,1,"[0, 0]",{},0.0,0.0,30.0,0,0,0,0.0
mlp_aco,7,8344,87,1,"[0, 0]",{},0.0,0.0,30.0,0,0,0,0.0
mlp_aco,7,8345,87,1,"[0, 0]",{},0.0,0.0,30.0,0,0,0,0.0
mlp_aco,7,8346,87,1,"[0, 0]",{},0.0,0.0,30.0,0,0,0,0.0
mlp_aco,7,8347,87,1,"[0, 0]",{},0.0,0.0,30.0,0,0,0,0.0
mlp_aco,7,8348,87,1,"[0, 0]",{},0.0,0.0,30.0,0,0,0,0.0
mlp_aco,7,8349,87,1,"[0, 0]",{},0.0,0.0,30.0,0,0,0,0.0
mlp_aco,7,8350,87,1,"[0, 0]",{},0.0,0.0,30.0,0,0,0,0.0
mlp_aco,7,8351,87,1,"[0, 0]",{},0.0,0.0,30.0,0,0,0,0.0
mlp_aco,7,8352,88,1,"[0, 1, 0]","{""1"": 30.0}",10.0,10.0,20.0,1,1,0,10.0
mlp_aco,7,8353,88,1,"[0, 1, 0]","{""1"": 30.0}",10.0,10.0,20.0,1,1,0,10.0
mlp_aco,7,8354,88,1,"[0, 1, 0]","{""1"": 30.0}",10.0,10.0,20.0,1,1,0,10.0
mlp_aco,7,8355,88,1,"[0, 1, 0]","{""1"": 30.0}",10.0,10.0,20.0,1,1,0,10.0
mlp_aco,7,8356,88,1,"[0, 1, 0]","{""1"": 30.0}",10.0,10.0,20.0,1,1,0,10.0
mlp_aco,7,8357,88,1,"[0, 1, 0]","{""1"": 30.0}",10.0,10.0,20.0,1,1,0,10.0
mlp_aco,7,8358,88,1,"[0, 1, 0]","{""1"": 30.0}",10.0,10.0,20.0,1,1,0,10.0
mlp_aco,7,8359,88,1,"[0, 1, 0]","{""1"": 30.0}",10.0,10.0,20.0,1,1,0,10.0
mlp_aco,7,8360,88,1,"[0, 1, 0]","{""1"": 30.0}",10.0,10.0,20.0,1,1,0,10.0
mlp_aco,7,8361,88,1,"[0, 1, 0]","{""1"": 30.0}",10.0,10.0,20.0,1,1,0,10.0
mlp_aco,7,8362,88,1,"[0, 1, 0]","{""1"": 30.0}",10.0,10.0,20.0,1,1,0,10.0
mlp_aco,7,8363,88,1,"[0, 1, 0]","{""1"": 30.0}",10.0,10.0,20.0,1,1,0,10.0
mlp_aco,7,8364,88,1,"[0, 1, 0]","{""1"": 30.0}",10.0,10.0,20.0,1,1,0,10.0
mlp_aco,7,8365,88,1,"[0, 1, 0]","{""1"": 30.0}",10.0,10.0,20.0,1,1,0,10.0
mlp_aco,7,8366,88,1,"[0, 1, 0]","{""1"": 30.0}",10.0,10.0,20.0,1,1,0,10.0
mlp_aco,7,8367,88,1,"[0, 1, 0]","{""1"": 30.0}",10.0,10.0,20.0,1,1,0,10.0
mlp_aco,7,8368,88,1,"[0, 1, 0]","{""1"": 30.0}",10.0,10.0,20.0,1,1,0,10.0
mlp_aco,7,8369,88,1,"[0, 1, 0]","{""1"": 30.0}",10.0,10.0,20.0,1,1,0,10.0
mlp_aco,7,8370,88,1,"[0, 1, 0]","{""1"": 30.0}",10.0,10.0,20.0,1,1,0,10.0
mlp_aco,7,8371,88,1,"[0, 1, 0]","{""1"": 30.0}",10.0,10.0,20.0,1,1,0,10.0
mlp_aco,7,8372,88,1,"[0, 1, 0]","{""1"": 30.0}",10.0,10.0,20.0,1,1,0,10.0
mlp_aco,7,8373,88,1,"[0, 1, 0]","{""1"": 30.0}",10.0,10.0,20.0,1,1,0,10.0
mlp_aco,7,8374,88,1,"[0, 1, 0]","{""1"": 30.0}",10.0,10.0,20.0,1,1,0,10.0
mlp_aco,7,8375,88,1,"[0, 1, 0]","{""1"": 30.0}",10.0,10.0,20.0,1,1,0,10.0
mlp_aco,7,8376,88,1,"[0, 1, 0]","{""1"": 30.0}",10.0,10.0,20.0,1,1,0,10.0
mlp_aco,7,8377,88,1,"[0, 1, 0]","{""1"": 30.0}",10.0,10.0,20.0,1,1,0,10.0
mlp_aco,7,8378,88,1,"[0, 1, 0]","{""1"": 30.0}",10.0,10.0,20.0,1,1,0,10.0
mlp_aco,7,8379,88,1,"[0, 1, 0]","{""1"": 30.0}",10.0,10.0,20.0,1,1,0,10.0
mlp_aco,7,8380,88,1,"[0, 1, 0]","{""1"": 30.0}",10.0,10.0,20.0,1,1,0,10.0
mlp_aco,7,8381,88,1,"[0, 1, 0]","{""1"": 30.0}",10.0,10.0,20.0,1,1,0,10.0
mlp_aco,7,8382,88,1,"[0, 1, 0]","{""1"": 30.0}",10.0,10.0,20.0,1,1,0,10.0
mlp_aco,7,8383,88,1,"[0, 1, 0]","{""1"": 30.0}",10.0,10.0,20.0,1,1,0,10.0
mlp_aco,7,8384,88,1,"[0, 1, 0]","{""1"": 30.0}",10.0,10.0,20.0,1,1,0,10.0
mlp_aco,7,8385,88,1,"[0, 1, 0]","{""1"": 30.0}",10.0,10.0,20.0,1,1,0,10.0
mlp_aco,7,8386,88,1,"[0, 1, 0]","{""1"": 30.0}",10.0,10.0,20.0,1,1,0,10.0
mlp_aco,7,8387,88,1,"[0, 1, 0]","{""1"": 30.0}",10.0,10.0,20.0,1,1,0,10.0
mlp_aco,7,8388,88,1,"[0, 1, 0]","{""1"": 30.0}",10.0,10.0,20.0,1,1,0,10.0
mlp_aco,7,8389,88,1,"[0, 1, 0]","{""1"": 30.0}",10.0,10.0,20.0,1,1,0,10.0
mlp_aco,7,8390,88,1,"[0, 1, 0]","{""1"": 30.0}",10.0,10.0,20.0,1,1,0,10.0
mlp_aco,7,8391,88,1,"[0, 1, 0]","{""1"": 30.0}",10.0,10.0,20.0,1,1,0,10.0
mlp_aco,7,8392,88,1,"[0, 1, 0]","{""1"": 30.0}",10.0,10.0,20.0,1,1,0,10.0
mlp_aco,7,8393,88,1,"[0, 0]",{},0.0,0.0,30.0,0,0,0,0.0
mlp_aco,7,8394,88,1,"[0, 0]",{},0.0,0.0,30.0,0,0,0,0.0
mlp_aco,7,8395,88,1,"[0, 0]",{},0.0,0.0,30.0,0,0,0,0.0
mlp_aco,7,8396,88,1,"[0, 0]",{},0.0,0.0,30.0,0,0,0,0.0
mlp_aco,7,8397,88,1,"[0, 0]",{},0.0,0.0,30.0,0,0,0,0.0
mlp_aco,7,8398,88,1,"[0, 1, 0]","{""1"": 30.0}",10.0,10.0,20.0,1,1,0,10.0
mlp_aco,7,8399,88,1,"[0, 1, 0]","{""1"": 30.0}",10.0,10.0,20.0,1,1,0,10.0
mlp_aco,7,8400,88,1,"[0, 1, 0]","{""1"": 30.0}",10.0,10.0,20.0,1,1,0,10.0
mlp_aco,7,8401,88,1,"[0, 1, 0]","{""1"": 30.0}",10.0,10.0,20.0,1,1,0,10.0
mlp_aco,7,8402,88,1,"[0, 1, 0]","{""1"": 30.0}",10.0,10.0,20.0,1,1,0,10.0
mlp_aco,7,8403,88,1,"[0, 1, 0]","{""1"": 30.0}",10.0,10.0,20.0,1,1,0,10.0
mlp_aco,7,8404,88,1,"[0, 1, 0]","{""1"": 30.0}",10.0,10.0,20.0,1,1,0,10.0
mlp_aco,7,8405,88,1,"[0, 1, 0]","{""1"": 30.0}",10.0,10.0,20.0,1,1,0,10.0
mlp_aco,7,8406,88,1,"[0, 1, 0]","{""1"": 30.0}",10.0,10.0,20.0,1,1,0,10.0
mlp_aco,7,8407,88,1,"[0, 1, 0]","{""1"": 30.0}",10.0,10.0,20.0,1,1,0,10.0
mlp_aco,7,8408,88,1,"[0, 1, 0]","{""1"": 30.0}",10.0,10.0,20.0,1,1,0,10.0
mlp_aco,7,8409,88,1,"[0, 1, 0]","{""1"": 30.0}",10.0,10.0,20.0,1,1,0,10.0
mlp_aco,7,8410,88,1,"[0, 1, 0]","{""1"": 30.0}",10.0,10.0,20.0,1,1,0,10.0
mlp_aco,7,8411,88,1,"[0, 1, 0]","{""1"": 30.0}",10.0,10.0,20.0,1,1,0,10.0
mlp_aco,7,8412,88,1,"[0, 1, 0]","{""1"": 30.0}",10.0,10.0,20.0,1,1,0,10.0
mlp_aco,7,8413,88,1,"[0, 1, 0]","{""1"": 30.0}",10.0,10.0,20.0,1,1,0,10.0
mlp_aco,7,8414,88,1,"[0, 1, 0]","{""1"": 30.0}",10.0,10.0,20.0,1,1,0,10.0
mlp_aco,7,8415,88,1,"[0, 1, 0]","{""1"": 30.0}",10.0,10.0,20.0,1,1,0,10.0
mlp_aco,7,8416,88,1,"[0, 1, 0]","{""1"": 30.0}",10.0,10.0,20.0,1,1,0,10.0
mlp_aco,7,8417,88,1,"[0, 1, 0]","{""1"": 30.0}",10.0,10.0,20.0,1,1,0,10.0
mlp_aco,7,8418,88,1,"[0, 1, 0]","{""1"": 30.0}",10.0,10.0,20.0,1,1,0,10.0
mlp_aco,7,8419,88,1,"[0, 1, 0]","{""1"": 30.0}",10.0,10.0,20.0,1,1,0,10.0
mlp_aco,7,8420,88,1,"[0, 1, 0]","{""1"": 30.0}",10.0,10.0,20.0,1,1,0,10.0
mlp_aco,7,8421,88,1,"[0, 1, 0]","{""1"": 30.0}",10.0,10.0,20.0,1,1,0,10.0
mlp_aco,7,8422,88,1,"[0, 1, 0]","{""1"": 30.0}",10.0,10.0,20.0,1,1,0,10.0
mlp_aco,7,8423,88,1,"[0, 1, 0]","{""1"": 30.0}",10.0,10.0,20.0,1,1,0,10.0
mlp_aco,7,8424,88,1,"[0, 1, 0]","{""1"": 30.0}",10.0,10.0,20.0,1,1,0,10.0
mlp_aco,7,8425,88,1,"[0, 1, 0]","{""1"": 30.0}",10.0,10.0,20.0,1,1,0,10.0
mlp_aco,7,8426,88,1,"[0, 1, 0]","{""1"": 30.0}",10.0,10.0,20.0,1,1,0,10.0
mlp_aco,7,8427,88,1,"[0, 1, 0]","{""1"": 30.0}",10.0,10.0,20.0,1,1,0,10.0
mlp_aco,7,8428,88,1,"[0, 1, 0]","{""1"": 30.0}",10.0,10.0,20.0,1,1,0,10.0
mlp_aco,7,8429,88,1,"[0, 1, 0]","{""1"": 30.0}",10.0,10.0,20.0,1,1,0,10.0
mlp_aco,7,8430,88,1,"[0, 0]",{},0.0,0.0,30.0,0,0,0,0.0
mlp_aco,7,8431,88,1,"[0, 1, 0]","{""1"": 30.0}",10.0,10.0,20.0,1,1,0,10.0
mlp_aco,7,8432,88,1,"[0, 1, 0]","{""1"": 30.0}",10.0,10.0,20.0,1,1,0,10.0
mlp_aco,7,8433,88,1,"[0, 0]",{},0.0,0.0,30.0,0,0,0,0.0
mlp_aco,7,8434,88,1,"[0, 1, 0]","{""1"": 30.0}",10.0,10.0,20.0,1,1,0,10.0
mlp_aco,7,8435,88,1,"[0, 0]",{},0.0,0.0,30.0,0,0,0,0.0
mlp_aco,7,8436,88,1,"[0, 0]",{},0.0,0.0,30.0,0,0,0,0.0
mlp_aco,7,8437,88,1,"[0, 0]",{},0.0,0.0,30.0,0,0,0,0.0
mlp_aco,7,8438,88,1,"[0, 0]",{},0.0,0.0,30.0,0,0,0,0.0
mlp_aco,7,8439,88,1,"[0, 0]",{},0.0,0.0,30.0,0,0,0,0.0
mlp_aco,7,8440,88,1,"[0, 0]",{},0.0,0.0,30.0,0,0,0,0.0
mlp_aco,7,8441,88,1,"[0, 1, 0]","{""1"": 30.0}",10.0,10.0,20.0,1,1,0,10.0
mlp_aco,7,8442,88,1,"[0, 0]",{},0.0,0.0,30.0,0,0,0,0.0
mlp_aco,7,8443,88,1,"[0, 0]",{},0.0,0.0,30.0,0,0,0,0.0
mlp_aco,7,8444,88,1,"[0, 1, 0]","{""1"": 30.0}",10.0,10.0,20.0,1,1,0,10.0
mlp_aco,7,8445,88,1,"[0, 0]",{},0.0,0.0,30.0,0,0,0,0.0
mlp_aco,7,8446,88,1,"[0, 0]",{},0.0,0.0,30.0,0,0,0,0.0
mlp_aco,7,8447,88,1,"[0, 1, 0]","{""1"": 30.0}",10.0,10.0,20.0,1,1,0,10.0
mlp_aco,7,8448,89,1,"[0, 1, 0]","{""1"": 30.0}",10.0,10.0,20.0,1,1,0,10.0
mlp_aco,7,8449,89,1,"[0, 1, 0]","{""1"": 30.0}",10.0,10.0,20.0,1,1,0,10.0
mlp_aco,7,8450,89,1,"[0, 1, 0]","{""1"": 30.0}",10.0,10.0,20.0,1,1,0,10.0
mlp_aco,7,8451,89,1,"[0, 1, 0]","{""1"": 30.0}",10.0,10.0,20.0,1,1,0,10.0
mlp_aco,7,8452,89,1,"[0, 1, 0]","{""1"": 30.0}",10.0,10.0,20.0,1,1,0,10.0
mlp_aco,7,8453,89,1,"[0, 1, 0]","{""1"": 30.0}",10.0,10.0,20.0,1,1,0,10.0
mlp_aco,7,8454,89,1,"[0, 1, 0]","{""1"": 30.0}",10.0,10.0,20.0,1,1,0,10.0
mlp_aco,7,8455,89,1,"[0, 1, 0]","{""1"": 30.0}",10.0,10.0,20.0,1,1,0,10.0
mlp_aco,7,8456,89,1,"[0, 1, 0]","{""1"": 30.0}",10.0,10.0,20.0,1,1,0,10.0
mlp_aco,7,8457,89,1,"[0, 1, 0]","{""1"": 30.0}",10.0,10.0,20.0,1,1,0,10.0
mlp_aco,7,8458,89,1,"[0, 1, 0]","{""1"": 30.0}",10.0,10.0,20.0,1,1,0,10.0
mlp_aco,7,8459,89,1,"[0, 1, 0]","{""1"": 30.0}",10.0,10.0,20.0,1,1,0,10.0
mlp_aco,7,8460,89,1,"[0, 1, 0]","{""1"": 30.0}",10.0,10.0,20.0,1,1,0,10.0
mlp_aco,7,8461,89,1,"[0, 1, 0]","{""1"": 30.0}",10.0,10.0,20.0,1,1,0,10.0
mlp_aco,7,8462,89,1,"[0, 1, 0]","{""1"": 30.0}",10.0,10.0,20.0,1,1,0,10.0
mlp_aco,7,8463,89,1,"[0, 1, 0]","{""1"": 30.0}",10.0,10.0,20.0,1,1,0,10.0
mlp_aco,7,8464,89,1,"[0, 1, 0]","{""1"": 30.0}",10.0,10.0,20.0,1,1,0,10.0
mlp_aco,7,8465,89,1,"[0, 1, 0]","{""1"": 30.0}",10.0,10.0,20.0,1,1,0,10.0
mlp_aco,7,8466,89,1,"[0, 1, 0]","{""1"": 30.0}",10.0,10.0,20.0,1,1,0,10.0
mlp_aco,7,8467,89,1,"[0, 1, 0]","{""1"": 30.0}",10.0,10.0,20.0,1,1,0,10.0
mlp_aco,7,8468,89,1,"[0, 1, 0]","{""1"": 30.0}",10.0,10.0,20.0,1,1,0,10.0
mlp_aco,7,8469,89,1,"[0, 1, 0]","{""1"": 30.0}",10.0,10.0,20.0,1,1,0,10.0
mlp_aco,7,8470,89,1,"[0, 1, 0]","{""1"": 30.0}",10.0,10.0,20.0,1,1,0,10.0
mlp_aco,7,8471,89,1,"[0, 1, 0]","{""1"": 30.0}",10.0,10.0,20.0,1,1,0,10.0
mlp_aco,7,8472,89,1,"[0, 1, 0]","{""1"": 30.0}",10.0,10.0,20.0,1,1,0,10.0
mlp_aco,7,8473,89,1,"[0, 1, 0]","{""1"": 30.0}",10.0,10.0,20.0,1,1,0,10.0
mlp_aco,7,8474,89,1,"[0, 1, 0]","{""1"": 30.0}",10.0,10.0,20.0,1,1,0,10.0
mlp_aco,7,8475,89,1,"[0, 1, 0]","{""1"": 30.0}",10.0,10.0,20.0,1,1,0,10.0
mlp_aco,7,8476,89,1,"[0, 1, 0]","{""1"": 30.0}",10.0,10.0,20.0,1,1,0,10.0
mlp_aco,7,8477,89,1,"[0, 1, 0]","{""1"": 30.0}",10.0,10.0,20.0,1,1,0,10.0
mlp_aco,7,8478,89,1,"[0, 1, 0]","{""1"": 30.0}",10.0,10.0,20.0,1,1,0,10.0
mlp_aco,7,8479,89,1,"[0, 1, 0]","{""1"": 30.0}",10.0,10.0,20.0,1,1,0,10.0
mlp_aco,7,8480,89,1,"[0, 1, 0]","{""1"": 30.0}",10.0,10.0,20.0,1,1,0,10.0
mlp_aco,7,8481,89,1,"[0, 1, 0]","{""1"": 30.0}",10.0,10.0,20.0,1,1,0,10.0
mlp_aco,7,8482,89,1,"[0, 1, 0]","{""1"": 30.0}",10.0,10.0,20.0,1,1,0,10.0
mlp_aco,7,8483,89,1,"[0, 1, 0]","{""1"": 30.0}",10.0,10.0,20.0,1,1,0,10.0
mlp_aco,7,8484,89,1,"[0, 1, 0]","{""1"": 30.0}",10.0,10.0,20.0,1,1,0,10.0
mlp_aco,7,8485,89,1,"[0, 1, 0]","{""1"": 30.0}",10.0,10.0,20.0,1,1,0,10.0
mlp_aco,7,8486,89,1,"[0, 1, 0]","{""1"": 30.0}",10.0,10.0,20.0,1,1,0,10.0
mlp_aco,7,8487,89,1,"[0, 1, 0]","{""1"": 30.0}",10.0,10.0,20.0,1,1,0,10.0
mlp_aco,7,8488,89,1,"[0, 1, 0]","{""1"": 30.0}",10.0,10.0,20.0,1,1,0,10.0
mlp_aco,7,8489,89,1,"[0, 1, 0]","{""1"": 30.0}",10.0,10.0,20.0,1,1,0,10.0
mlp_aco,7,8490,89,1,"[0, 1, 0]","{""1"": 30.0}",10.0,10.0,20.0,1,1,0,10.0
