policy,seed,time_bin,day,hour,dock,arrivals,queue_before,available_before_pickup,fill_ratio,risk_probability,active,visited,amount_picked,queue_after,overflow,serving_drone_ids,total_energy_interval,total_distance_interval,sorties_interval,objective_value,constraint_violations,algorithm_runtime_seconds
aco_current,1,7104,75,0,1,38.0,0.0,38.0,0.19,0.9994148015975952,False,False,0.0,38.0,0.0,[],0.0,0.0,0,0.0,0,3.09170000001302e-05
aco_current,1,7104,75,0,2,0.0,0.0,0.0,0.0,0.09907747060060501,False,False,0.0,0.0,0.0,[],0.0,0.0,0,0.0,0,3.09170000001302e-05
aco_current,1,7104,75,0,3,0.0,0.0,0.0,0.0,0.43936213850975037,False,False,0.0,0.0,0.0,[],0.0,0.0,0,0.0,0,3.09170000001302e-05
aco_current,1,7104,75,0,4,0.0,0.0,0.0,0.0,0.20313307642936707,False,False,0.0,0.0,0.0,[],0.0,0.0,0,0.0,0,3.09170000001302e-05
aco_current,1,7105,75,0,1,39.0,38.0,77.0,0.385,0.9995259046554565,False,False,0.0,77.0,0.0,[],0.0,0.0,0,0.0,0,4.70800000007543e-06
aco_current,1,7105,75,0,2,0.0,0.0,0.0,0.0,0.09907747060060501,False,False,0.0,0.0,0.0,[],0.0,0.0,0,0.0,0,4.70800000007543e-06
aco_current,1,7105,75,0,3,0.0,0.0,0.0,0.0,0.43936213850975037,False,False,0.0,0.0,0.0,[],0.0,0.0,0,0.0,0,4.70800000007543e-06
aco_current,1,7105,75,0,4,0.0,0.0,0.0,0.0,0.20313307642936707,False,False,0.0,0.0,0.0,[],0.0,0.0,0,0.0,0,4.70800000007543e-06
aco_current,1,7106,75,0,1,40.0,77.0,117.0,0.585,0.9999814033508301,False,False,0.0,117.0,0.0,[],0.0,0.0,0,0.0,0,4.7499999999978115e-06
aco_current,1,7106,75,0,2,0.0,0.0,0.0,0.0,0.09907747060060501,False,False,0.0,0.0,0.0,[],0.0,0.0,0,0.0,0,4.7499999999978115e-06
aco_current,1,7106,75,0,3,0.0,0.0,0.0,0.0,0.43936213850975037,False,False,0.0,0.0,0.0,[],0.0,0.0,0,0.0,0,4.7499999999978115e-06
aco_current,1,7106,75,0,4,0.0,0.0,0.0,0.0,0.20313307642936707,False,False,0.0,0.0,0.0,[],0.0,0.0,0,0.0,0,4.7499999999978115e-06
aco_current,1,7107,75,0,1,39.0,117.0,156.0,0.78,0.9999998807907104,False,False,0.0,156.0,0.0,[],0.0,0.0,0,0.0,0,5.083000000016824e-06
aco_current,1,7107,75,0,2,0.0,0.0,0.0,0.0,0.09907747060060501,False,False,0.0,0.0,0.0,[],0.0,0.0,0,0.0,0,5.083000000016824e-06
aco_current,1,7107,75,0,3,0.0,0.0,0.0,0.0,0.43936213850975037,False,False,0.0,0.0,0.0,[],0.0,0.0,0,0.0,0,5.083000000016824e-06
aco_current,1,7107,75,0,4,0.0,0.0,0.0,0.0,0.20313307642936707,False,False,0.0,0.0,0.0,[],0.0,0.0,0,0.0,0,5.083000000016824e-06
aco_current,1,7108,75,1,1,41.0,156.0,197.0,0.985,1.0,True,True,30.0,167.0,0.0,[1],10.0,10.0,1,10.0,0,0.009705124999999981
aco_current,1,7108,75,1,2,0.0,0.0,0.0,0.0,0.09907747060060501,False,False,0.0,0.0,0.0,[],10.0,10.0,1,10.0,0,0.009705124999999981
aco_current,1,7108,75,1,3,0.0,0.0,0.0,0.0,0.43936213850975037,False,False,0.0,0.0,0.0,[],10.0,10.0,1,10.0,0,0.009705124999999981
aco_current,1,7108,75,1,4,0.0,0.0,0.0,0.0,0.20313307642936707,False,False,0.0,0.0,0.0,[],10.0,10.0,1,10.0,0,0.009705124999999981
aco_current,1,7109,75,1,1,39.0,167.0,206.0,1.03,1.0,True,True,30.0,176.0,0.0,[1],10.0,10.0,1,10.0,0,0.009628917000000126
aco_current,1,7109,75,1,2,0.0,0.0,0.0,0.0,0.09907747060060501,False,False,0.0,0.0,0.0,[],10.0,10.0,1,10.0,0,0.009628917000000126
aco_current,1,7109,75,1,3,0.0,0.0,0.0,0.0,0.43936213850975037,False,False,0.0,0.0,0.0,[],10.0,10.0,1,10.0,0,0.009628917000000126
aco_current,1,7109,75,1,4,0.0,0.0,0.0,0.0,0.20313307642936707,False,False,0.0,0.0,0.0,[],10.0,10.0,1,10.0,0,0.009628917000000126
aco_current,1,7110,75,1,1,40.0,176.0,216.0,1.08,1.0,True,True,30.0,186.0,0.0,[1],10.0,10.0,1,10.0,0,0.009344000000000019
aco_current,1,7110,75,1,2,0.0,0.0,0.0,0.0,0.09907747060060501,False,False,0.0,0.0,0.0,[],10.0,10.0,1,10.0,0,0.009344000000000019
aco_current,1,7110,75,1,3,0.0,0.0,0.0,0.0,0.43936213850975037,False,False,0.0,0.0,0.0,[],10.0,10.0,1,10.0,0,0.009344000000000019
aco_current,1,7110,75,1,4,0.0,0.0,0.0,0.0,0.20313307642936707,False,False,0.0,0.0,0.0,[],10.0,10.0,1,10.0,0,0.009344000000000019
aco_current,1,7111,75,1,1,40.0,186.0,226.0,1.13,1.0,True,True,30.0,196.0,0.0,[1],10.0,10.0,1,10.0,0,0.009243083999999957
aco_current,1,7111,75,1,2,0.0,0.0,0.0,0.0,0.09907747060060501,False,False,0.0,0.0,0.0,[],10.0,10.0,1,10.0,0,0.009243083999999957
aco_current,1,7111,75,1,3,0.0,0.0,0.0,0.0,0.43936213850975037,False,False,0.0,0.0,0.0,[],10.0,10.0,1,10.0,0,0.009243083999999957
aco_current,1,7111,75,1,4,0.0,0.0,0.0,0.0,0.20313307642936707,False,False,0.0,0.0,0.0,[],10.0,10.0,1,10.0,0,0.009243083999999957
aco_current,1,7112,75,2,1,44.0,196.0,240.0,1.2,1.0,True,True,30.0,200.0,10.0,[1],10.0,10.0,1,10.0,0,0.009465666000000095
aco_current,1,7112,75,2,2,0.0,0.0,0.0,0.0,0.09907747060060501,False,False,0.0,0.0,0.0,[],10.0,10.0,1,10.0,0,0.009465666000000095
aco_current,1,7112,75,2,3,0.0,0.0,0.0,0.0,0.43936213850975037,False,False,0.0,0.0,0.0,[],10.0,10.0,1,10.0,0,0.009465666000000095
aco_current,1,7112,75,2,4,0.0,0.0,0.0,0.0,0.20313307642936707,False,False,0.0,0.0,0.0,[],10.0,10.0,1,10.0,0,0.009465666000000095
aco_current,1,7113,75,2,1,41.0,200.0,241.0,1.205,1.0,True,True,30.0,200.0,11.0,[1],10.0,10.0,1,10.0,0,0.009415165999999697
aco_current,1,7113,75,2,2,0.0,0.0,0.0,0.0,0.09907747060060501,False,False,0.0,0.0,0.0,[],10.0,10.0,1,10.0,0,0.009415165999999697
aco_current,1,7113,75,2,3,0.0,0.0,0.0,0.0,0.43936213850975037,False,False,0.0,0.0,0.0,[],10.0,10.0,1,10.0,0,0.009415165999999697
aco_current,1,7113,75,2,4,0.0,0.0,0.0,0.0,0.20313307642936707,False,False,0.0,0.0,0.0,[],10.0,10.0,1,10.0,0,0.009415165999999697
aco_current,1,7114,75,2,1,38.0,200.0,238.0,1.19,1.0,True,True,30.0,200.0,8.0,[1],10.0,10.0,1,10.0,0,0.009369416999999824
aco_current,1,7114,75,2,2,0.0,0.0,0.0,0.0,0.09907747060060501,False,False,0.0,0.0,0.0,[],10.0,10.0,1,10.0,0,0.009369416999999824
aco_current,1,7114,75,2,3,0.0,0.0,0.0,0.0,0.43936213850975037,False,False,0.0,0.0,0.0,[],10.0,10.0,1,10.0,0,0.009369416999999824
aco_current,1,7114,75,2,4,0.0,0.0,0.0,0.0,0.20313307642936707,False,False,0.0,0.0,0.0,[],10.0,10.0,1,10.0,0,0.009369416999999824
aco_current,1,7115,75,2,1,32.0,200.0,232.0,1.16,1.0,True,True,30.0,200.0,2.0,[1],10.0,10.0,1,10.0,0,0.009422125000000392
aco_current,1,7115,75,2,2,0.0,0.0,0.0,0.0,0.09907747060060501,False,False,0.0,0.0,0.0,[],10.0,10.0,1,10.0,0,0.009422125000000392
aco_current,1,7115,75,2,3,0.0,0.0,0.0,0.0,0.43936213850975037,False,False,0.0,0.0,0.0,[],10.0,10.0,1,10.0,0,0.009422125000000392
aco_current,1,7115,75,2,4,0.0,0.0,0.0,0.0,0.20313307642936707,False,False,0.0,0.0,0.0,[],10.0,10.0,1,10.0,0,0.009422125000000392
aco_current,1,7116,75,3,1,32.0,200.0,232.0,1.16,1.0,True,True,30.0,200.0,2.0,[1],10.0,10.0,1,10.0,0,0.009580791999999505
aco_current,1,7116,75,3,2,0.0,0.0,0.0,0.0,0.09907747060060501,False,False,0.0,0.0,0.0,[],10.0,10.0,1,10.0,0,0.009580791999999505
aco_current,1,7116,75,3,3,0.0,0.0,0.0,0.0,0.43936213850975037,False,False,0.0,0.0,0.0,[],10.0,10.0,1,10.0,0,0.009580791999999505
aco_current,1,7116,75,3,4,0.0,0.0,0.0,0.0,0.20313307642936707,False,False,0.0,0.0,0.0,[],10.0,10.0,1,10.0,0,0.009580791999999505
aco_current,1,7117,75,3,1,33.0,200.0,233.0,1.165,1.0,True,True,30.0,200.0,3.0,[1],10.0,10.0,1,10.0,0,0.009304707999999273
aco_current,1,7117,75,3,2,0.0,0.0,0.0,0.0,0.09907747060060501,False,False,0.0,0.0,0.0,[],10.0,10.0,1,10.0,0,0.009304707999999273
aco_current,1,7117,75,3,3,0.0,0.0,0.0,0.0,0.43936213850975037,False,False,0.0,0.0,0.0,[],10.0,10.0,1,10.0,0,0.009304707999999273
aco_current,1,7117,75,3,4,0.0,0.0,0.0,0.0,0.20313307642936707,False,False,0.0,0.0,0.0,[],10.0,10.0,1,10.0,0,0.009304707999999273
aco_current,1,7118,75,3,1,33.0,200.0,233.0,1.165,1.0,True,True,30.0,200.0,3.0,[1],10.0,10.0,1,10.0,0,0.009483459000000138
aco_current,1,7118,75,3,2,0.0,0.0,0.0,0.0,0.09907747060060501,False,False,0.0,0.0,0.0,[],10.0,10.0,1,10.0,0,0.009483459000000138
aco_current,1,7118,75,3,3,0.0,0.0,0.0,0.0,0.43936213850975037,False,False,0.0,0.0,0.0,[],10.0,10.0,1,10.0,0,0.009483459000000138
aco_current,1,7118,75,3,4,0.0,0.0,0.0,0.0,0.20313307642936707,False,False,0.0,0.0,0.0,[],10.0,10.0,1,10.0,0,0.009483459000000138
aco_current,1,7119,75,3,1,40.0,200.0,240.0,1.2,1.0,True,True,30.0,200.0,10.0,[1],10.0,10.0,1,10.0,0,0.009538915999999453
aco_current,1,7119,75,3,2,0.0,0.0,0.0,0.0,0.09907747060060501,False,False,0.0,0.0,0.0,[],10.0,10.0,1,10.0,0,0.009538915999999453
aco_current,1,7119,75,3,3,0.0,0.0,0.0,0.0,0.43936213850975037,False,False,0.0,0.0,0.0,[],10.0,10.0,1,10.0,0,0.009538915999999453
aco_current,1,7119,75,3,4,0.0,0.0,0.0,0.0,0.20313307642936707,False,False,0.0,0.0,0.0,[],10.0,10.0,1,10.0,0,0.009538915999999453
aco_current,1,7120,75,4,1,42.0,200.0,242.0,1.21,1.0,True,True,30.0,200.0,12.0,[1],10.0,10.0,1,10.0,0,0.009264500000000453
aco_current,1,7120,75,4,2,0.0,0.0,0.0,0.0,0.09907747060060501,False,False,0.0,0.0,0.0,[],10.0,10.0,1,10.0,0,0.009264500000000453
aco_current,1,7120,75,4,3,0.0,0.0,0.0,0.0,0.43936213850975037,False,False,0.0,0.0,0.0,[],10.0,10.0,1,10.0,0,0.009264500000000453
aco_current,1,7120,75,4,4,0.0,0.0,0.0,0.0,0.20313307642936707,False,False,0.0,0.0,0.0,[],10.0,10.0,1,10.0,0,0.009264500000000453
aco_current,1,7121,75,4,1,42.0,200.0,242.0,1.21,1.0,True,True,30.0,200.0,12.0,[1],10.0,10.0,1,10.0,0,0.009378583999999357
aco_current,1,7121,75,4,2,0.0,0.0,0.0,0.0,0.09907747060060501,False,False,0.0,0.0,0.0,[],10.0,10.0,1,10.0,0,0.009378583999999357
aco_current,1,7121,75,4,3,0.0,0.0,0.0,0.0,0.43936213850975037,False,False,0.0,0.0,0.0,[],10.0,10.0,1,10.0,0,0.009378583999999357
aco_current,1,7121,75,4,4,0.0,0.0,0.0,0.0,0.20313307642936707,False,False,0.0,0.0,0.0,[],10.0,10.0,1,10.0,0,0.009378583999999357
aco_current,1,7122,75,4,1,40.0,200.0,240.0,1.2,1.0,True,True,30.0,200.0,10.0,[1],10.0,10.0,1,10.0,0,0.009246874999999655
aco_current,1,7122,75,4,2,0.0,0.0,0.0,0.0,0.09907747060060501,False,False,0.0,0.0,0.0,[],10.0,10.0,1,10.0,0,0.009246874999999655
aco_current,1,7122,75,4,3,0.0,0.0,0.0,0.0,0.43936213850975037,False,False,0.0,0.0,0.0,[],10.0,10.0,1,10.0,0,0.009246874999999655
aco_current,1,7122,75,4,4,0.0,0.0,0.0,0.0,0.20313307642936707,False,False,0.0,0.0,0.0,[],10.0,10.0,1,10.0,0,0.009246874999999655
aco_current,1,7123,75,4,1,44.0,200.0,244.0,1.22,1.0,True,True,30.0,200.0,14.0,[1],10.0,10.0,1,10.0,0,0.009376249999999864
aco_current,1,7123,75,4,2,0.0,0.0,0.0,0.0,0.09907747060060501,False,False,0.0,0.0,0.0,[],10.0,10.0,1,10.0,0,0.009376249999999864
aco_current,1,7123,75,4,3,0.0,0.0,0.0,0.0,0.43936213850975037,False,False,0.0,0.0,0.0,[],10.0,10.0,1,10.0,0,0.009376249999999864
aco_current,1,7123,75,4,4,0.0,0.0,0.0,0.0,0.20313307642936707,False,False,0.0,0.0,0.0,[],10.0,10.0,1,10.0,0,0.009376249999999864
