epoch,loss,pr_auc,precision,recall,val_loss,val_pr_auc,val_precision,val_recall
0,0.5039854645729065,0.8308835625648499,0.833369791507721,0.6057860255241394,0.19000285863876343,0.9904298782348633,0.9015594720840454,0.9585492014884949
1,0.14021705090999603,0.9880743026733398,0.9746418595314026,0.9408679008483887,0.07853464037179947,0.9905670881271362,0.9662802815437317,0.9502590894699097
2,0.08997873216867447,0.9904735684394836,0.9754271507263184,0.9527897238731384,0.06799343973398209,0.9905635118484497,0.9652631282806396,0.9502590894699097
3,0.07963691651821136,0.9909371137619019,0.9777705669403076,0.9578763246536255,0.06439803540706635,0.9905134439468384,0.9652631282806396,0.9502590894699097
4,0.07556664943695068,0.9909536838531494,0.9786027073860168,0.9596248865127563,0.06261111795902252,0.9905081987380981,0.9642481803894043,0.9502590894699097
5,0.07353634387254715,0.991074800491333,0.9792544841766357,0.9604196548461914,0.061670418828725815,0.9905091524124146,0.9642481803894043,0.9502590894699097
6,0.07227851450443268,0.991303026676178,0.979581892490387,0.9608964920043945,0.06085306406021118,0.9906026721000671,0.9652631282806396,0.9502590894699097
7,0.07136425375938416,0.9913272857666016,0.9794365167617798,0.9615323543548584,0.0599476583302021,0.9906183481216431,0.9642481803894043,0.9502590894699097
8,0.07056678086519241,0.9913643598556519,0.9796017408370972,0.9618502855300903,0.05923915281891823,0.9906109571456909,0.9632353186607361,0.9502590894699097
9,0.06986554712057114,0.9915295839309692,0.9792947173118591,0.9623271226882935,0.05865420028567314,0.9895449876785278,0.9632353186607361,0.9502590894699097
10,0.06918593496084213,0.991653561592102,0.9792947173118591,0.9623271226882935,0.058117419481277466,0.9895370006561279,0.9632353186607361,0.9502590894699097
11,0.06850701570510864,0.9917925000190735,0.9794564843177795,0.9624860882759094,0.05752835050225258,0.9895379543304443,0.9632353186607361,0.9502590894699097
12,0.06787392497062683,0.991857647895813,0.9793014526367188,0.9626450538635254,0.056956369429826736,0.9895415306091309,0.9632353186607361,0.9502590894699097
13,0.0672767162322998,0.9919715523719788,0.9793047904968262,0.9628040194511414,0.05640357732772827,0.9895445704460144,0.9632353186607361,0.9502590894699097
14,0.06672746688127518,0.9920317530632019,0.9793081283569336,0.9629629850387573,0.05587032809853554,0.989568293094635,0.9632353186607361,0.9502590894699097
15,0.06621415168046951,0.99219810962677,0.9793148040771484,0.9632808566093445,0.05535983666777611,0.9895950555801392,0.9632353186607361,0.9502590894699097
16,0.06575790792703629,0.9921144247055054,0.9794731140136719,0.9632808566093445,0.05498432740569115,0.9896040558815002,0.9642481803894043,0.9502590894699097
17,0.06531509011983871,0.9921838045120239,0.9799482822418213,0.9632808566093445,0.05452318489551544,0.98954176902771,0.9642481803894043,0.9502590894699097
18,0.06487026810646057,0.9922295212745667,0.9799450039863586,0.9631218910217285,0.05425988882780075,0.9896023273468018,0.9642481803894043,0.9502590894699097
19,0.0644252598285675,0.9923949837684631,0.9802652597427368,0.9632808566093445,0.05386495962738991,0.9897204637527466,0.9642481803894043,0.9502590894699097
20,0.06405849009752274,0.9924666881561279,0.9804238677024841,0.9632808566093445,0.0534977912902832,0.9895533323287964,0.9662802815437317,0.9502590894699097
21,0.06373351067304611,0.9925830364227295,0.981217622756958,0.9632808566093445,0.053268637508153915,0.9898295998573303,0.9683210253715515,0.9502590894699097
22,0.06342386454343796,0.9927183389663696,0.981379508972168,0.9634398221969604,0.05305152013897896,0.9897948503494263,0.9683210253715515,0.9502590894699097
23,0.06312309205532074,0.9927476048469543,0.9820155501365662,0.9634398221969604,0.05277612432837486,0.9904351234436035,0.9693446159362793,0.9502590894699097
24,0.06284255534410477,0.9927278161048889,0.9826524257659912,0.9634398221969604,0.05249859765172005,0.9904876351356506,0.970370352268219,0.9502590894699097
25,0.062593974173069,0.9927676916122437,0.9832900762557983,0.9634398221969604,0.05225483328104019,0.9905005693435669,0.9724284410476685,0.9502590894699097
26,0.06234694644808769,0.9927983283996582,0.983452320098877,0.9635987877845764,0.052052706480026245,0.9903262853622437,0.9755319356918335,0.9502590894699097
27,0.06212319806218147,0.9928281903266907,0.984248161315918,0.9634398221969604,0.051778100430965424,0.9903587102890015,0.9786552786827087,0.9502590894699097
28,0.06192765012383461,0.9928383827209473,0.9850479364395142,0.9634398221969604,0.05152859538793564,0.9903939366340637,0.9797008633613586,0.9502590894699097
29,0.06174515187740326,0.992853581905365,0.9858490824699402,0.9634398221969604,0.05137677490711212,0.9904270172119141,0.9817987084388733,0.9502590894699097
30,0.061573274433612823,0.9928587079048157,0.9864909052848816,0.9634398221969604,0.05120696499943733,0.9904557466506958,0.983905553817749,0.9502590894699097
31,0.06140972301363945,0.9928452372550964,0.9871335625648499,0.9634398221969604,0.05115681514143944,0.9904657602310181,0.9849624037742615,0.9502590894699097
32,0.061267346143722534,0.9928784370422363,0.9877750873565674,0.9632808566093445,0.05104492977261543,0.9906031489372253,0.9860215187072754,0.9502590894699097
33,0.06113982945680618,0.99286949634552,0.9877750873565674,0.9632808566093445,0.05089162662625313,0.9906770586967468,0.9860215187072754,0.9502590894699097
34,0.061017025262117386,0.9929376244544983,0.9880990982055664,0.9634398221969604,0.05078061670064926,0.9906158447265625,0.9860215187072754,0.9502590894699097
35,0.06091456487774849,0.9929675459861755,0.9880990982055664,0.9634398221969604,0.05068730562925339,0.9907419085502625,0.9860215187072754,0.9502590894699097
36,0.060812827199697495,0.9930034875869751,0.9882621169090271,0.9635987877845764,0.050579749047756195,0.9909484386444092,0.9860215187072754,0.9502590894699097
37,0.06072211638092995,0.9930064678192139,0.9884232878684998,0.9635987877845764,0.05055483803153038,0.9909699559211731,0.9870828986167908,0.9502590894699097
38,0.06063232570886612,0.9929914474487305,0.9885826110839844,0.9634398221969604,0.05051327124238014,0.9911597967147827,0.9870828986167908,0.9502590894699097
39,0.060558002442121506,0.9930572509765625,0.9884213805198669,0.9634398221969604,0.05051616206765175,0.991080641746521,0.9870828986167908,0.9502590894699097
40,0.06048474460840225,0.9930712580680847,0.9884213805198669,0.9634398221969604,0.050448060035705566,0.991352915763855,0.9870828986167908,0.9502590894699097
41,0.06041305139660835,0.9930503964424133,0.9885826110839844,0.9634398221969604,0.05036446824669838,0.9914293885231018,0.9870828986167908,0.9502590894699097
42,0.060348592698574066,0.993080198764801,0.9889034032821655,0.9632808566093445,0.050328899174928665,0.9914376139640808,0.9870828986167908,0.9502590894699097
43,0.06027820333838463,0.993085503578186,0.9890648126602173,0.9632808566093445,0.050313107669353485,0.9914709329605103,0.9870828986167908,0.9502590894699097
44,0.06019526720046997,0.9931069612503052,0.9892280101776123,0.9634398221969604,0.05016681179404259,0.9915147423744202,0.9870828986167908,0.9502590894699097
45,0.0601421557366848,0.9931132793426514,0.9892297387123108,0.9635987877845764,0.050259292125701904,0.9915764331817627,0.9870828986167908,0.9502590894699097
46,0.06008315086364746,0.9931516647338867,0.9890683889389038,0.9635987877845764,0.050198301672935486,0.9916232228279114,0.9870828986167908,0.9502590894699097
47,0.06002776697278023,0.9931603670120239,0.9890683889389038,0.9635987877845764,0.05029110237956047,0.9916895627975464,0.9870828986167908,0.9502590894699097
48,0.05996314063668251,0.993179202079773,0.9890683889389038,0.9635987877845764,0.05017707124352455,0.9917405843734741,0.9870828986167908,0.9502590894699097
49,0.059906695038080215,0.9931772947311401,0.9890683889389038,0.9635987877845764,0.05019359290599823,0.9916675686836243,0.9870828986167908,0.9502590894699097
50,0.05985026806592941,0.993174135684967,0.9890683889389038,0.9635987877845764,0.050140101462602615,0.9916867017745972,0.9870828986167908,0.9502590894699097
51,0.05980384722352028,0.9933425188064575,0.9890683889389038,0.9635987877845764,0.05005909502506256,0.9918079376220703,0.9870828986167908,0.9502590894699097
52,0.05975636839866638,0.9935083389282227,0.9890683889389038,0.9635987877845764,0.05014222115278244,0.9917609095573425,0.9870828986167908,0.9502590894699097
53,0.05970301479101181,0.9935072064399719,0.9889070391654968,0.9635987877845764,0.050033245235681534,0.9918212294578552,0.9881465435028076,0.9502590894699097
54,0.05966147780418396,0.9935284852981567,0.9889070391654968,0.9635987877845764,0.050072845071554184,0.9917168617248535,0.9881465435028076,0.9502590894699097
55,0.05961760878562927,0.9935557842254639,0.9887456893920898,0.9635987877845764,0.050108570605516434,0.9918233752250671,0.9881465435028076,0.9502590894699097
56,0.05957270786166191,0.9936295747756958,0.9887456893920898,0.9635987877845764,0.05004904419183731,0.9918301105499268,0.9881465435028076,0.9502590894699097
57,0.05953516811132431,0.9936382174491882,0.9885844588279724,0.9635987877845764,0.050041455775499344,0.991839587688446,0.9881465435028076,0.9502590894699097
58,0.059488799422979355,0.9936069846153259,0.9885844588279724,0.9635987877845764,0.05007437989115715,0.9917362332344055,0.9881465435028076,0.9502590894699097
59,0.059442102909088135,0.9936250448226929,0.9885844588279724,0.9635987877845764,0.049996744841337204,0.9917282462120056,0.9881465435028076,0.9502590894699097
60,0.05940530076622963,0.9936551451683044,0.9889070391654968,0.9635987877845764,0.05009264126420021,0.9918419718742371,0.9881465435028076,0.9502590894699097
61,0.05935373157262802,0.99366694688797,0.9889070391654968,0.9635987877845764,0.05006794258952141,0.9918106198310852,0.9881465435028076,0.9502590894699097
62,0.059313978999853134,0.9936948418617249,0.9889070391654968,0.9635987877845764,0.05016075819730759,0.9917845129966736,0.9881465435028076,0.9502590894699097
63,0.059270892292261124,0.9936797618865967,0.9887456893920898,0.9635987877845764,0.050112128257751465,0.9918657541275024,0.9881465435028076,0.9502590894699097
64,0.05922849103808403,0.993859052658081,0.9889070391654968,0.9635987877845764,0.05012965947389603,0.9918403625488281,0.9881465435028076,0.9502590894699097
65,0.05918709933757782,0.9938592910766602,0.9889070391654968,0.9635987877845764,0.05022570490837097,0.9919085502624512,0.9881465435028076,0.9502590894699097
66,0.05913810804486275,0.9938775897026062,0.9887475371360779,0.9637577533721924,0.049979764968156815,0.9916720986366272,0.9881465435028076,0.9502590894699097
67,0.05909957364201546,0.993867039680481,0.9889088273048401,0.9637577533721924,0.050172384828329086,0.9918124675750732,0.9881465435028076,0.9502590894699097
68,0.059053268283605576,0.9938919544219971,0.9887475371360779,0.9637577533721924,0.05011367052793503,0.9918941855430603,0.9881465435028076,0.9502590894699097
69,0.05900390446186066,0.9938883781433105,0.9889088273048401,0.9637577533721924,0.05005981773138046,0.9918200373649597,0.9881465435028076,0.9502590894699097
70,0.05896838381886482,0.9939453601837158,0.9889088273048401,0.9637577533721924,0.050097350031137466,0.9918925166130066,0.9881465435028076,0.9502590894699097
71,0.058928731828927994,0.9941192865371704,0.9889088273048401,0.9637577533721924,0.0501219667494297,0.9918919801712036,0.9881465435028076,0.9502590894699097
72,0.05886823683977127,0.9940988421440125,0.9889088273048401,0.9637577533721924,0.04999343678355217,0.9918248057365417,0.9881465435028076,0.9502590894699097
73,0.058832798153162,0.9941303730010986,0.9885882139205933,0.9639167189598083,0.05002913996577263,0.9918655157089233,0.9881465435028076,0.9502590894699097
74,0.0587841272354126,0.9941608905792236,0.9887493848800659,0.9639167189598083,0.050035733729600906,0.9918206930160522,0.9881465435028076,0.9502590894699097
