scenario_id,active_warehouses,case_index,seed,route_limit,coordinates,active_goods,exact_route,aco_route,exact_objective,aco_objective,objective_gap,relative_gap,optimal_hit,exact_runtime_seconds,aco_runtime_seconds,constraint_violations
S01,2,1,1,18.0,"{""0"": [0.0, 0.0], ""1"": [6.237287253210654, -1.1336849826966084], ""2"": [-4.722209772916747, 0.08656636156901538]}","{""1"": 28.0, ""2"": 17.0}",0-2-0,0-2-0,1009.4460063252966,1009.4460063252966,0.0,0.0,True,4.087499999627653e-05,0.010253167000001895,0
S01,2,1,2,18.0,"{""0"": [0.0, 0.0], ""1"": [6.237287253210654, -1.1336849826966084], ""2"": [-4.722209772916747, 0.08656636156901538]}","{""1"": 28.0, ""2"": 17.0}",0-2-0,0-2-0,1009.4460063252966,1009.4460063252966,0.0,0.0,True,4.087499999627653e-05,0.010123208000003103,0
S01,2,1,3,18.0,"{""0"": [0.0, 0.0], ""1"": [6.237287253210654, -1.1336849826966084], ""2"": [-4.722209772916747, 0.08656636156901538]}","{""1"": 28.0, ""2"": 17.0}",0-2-0,0-2-0,1009.4460063252966,1009.4460063252966,0.0,0.0,True,4.087499999627653e-05,0.010070333999998127,0
S01,2,1,4,18.0,"{""0"": [0.0, 0.0], ""1"": [6.237287253210654, -1.1336849826966084], ""2"": [-4.722209772916747, 0.08656636156901538]}","{""1"": 28.0, ""2"": 17.0}",0-2-0,0-2-0,1009.4460063252966,1009.4460063252966,0.0,0.0,True,4.087499999627653e-05,0.009934166000000744,0
S01,2,1,5,18.0,"{""0"": [0.0, 0.0], ""1"": [6.237287253210654, -1.1336849826966084], ""2"": [-4.722209772916747, 0.08656636156901538]}","{""1"": 28.0, ""2"": 17.0}",0-2-0,0-2-0,1009.4460063252966,1009.4460063252966,0.0,0.0,True,4.087499999627653e-05,0.00975175000000661,0
S01,2,1,6,18.0,"{""0"": [0.0, 0.0], ""1"": [6.237287253210654, -1.1336849826966084], ""2"": [-4.722209772916747, 0.08656636156901538]}","{""1"": 28.0, ""2"": 17.0}",0-2-0,0-2-0,1009.4460063252966,1009.4460063252966,0.0,0.0,True,4.087499999627653e-05,0.009897834000000216,0
S01,2,1,7,18.0,"{""0"": [0.0, 0.0], ""1"": [6.237287253210654, -1.1336849826966084], ""2"": [-4.722209772916747, 0.08656636156901538]}","{""1"": 28.0, ""2"": 17.0}",0-2-0,0-2-0,1009.4460063252966,1009.4460063252966,0.0,0.0,True,4.087499999627653e-05,0.009770333000005849,0
S01,2,1,8,18.0,"{""0"": [0.0, 0.0], ""1"": [6.237287253210654, -1.1336849826966084], ""2"": [-4.722209772916747, 0.08656636156901538]}","{""1"": 28.0, ""2"": 17.0}",0-2-0,0-2-0,1009.4460063252966,1009.4460063252966,0.0,0.0,True,4.087499999627653e-05,0.00993395800000485,0
S01,2,1,9,18.0,"{""0"": [0.0, 0.0], ""1"": [6.237287253210654, -1.1336849826966084], ""2"": [-4.722209772916747, 0.08656636156901538]}","{""1"": 28.0, ""2"": 17.0}",0-2-0,0-2-0,1009.4460063252966,1009.4460063252966,0.0,0.0,True,4.087499999627653e-05,0.01001316600000024,0
S01,2,1,10,18.0,"{""0"": [0.0, 0.0], ""1"": [6.237287253210654, -1.1336849826966084], ""2"": [-4.722209772916747, 0.08656636156901538]}","{""1"": 28.0, ""2"": 17.0}",0-2-0,0-2-0,1009.4460063252966,1009.4460063252966,0.0,0.0,True,4.087499999627653e-05,0.009754291999996667,0
S02,2,2,1,22.0,"{""0"": [0.0, 0.0], ""1"": [7.8261368528064175, 1.2845895080331138], ""2"": [-6.312253315556434, 1.1530872087577562]}","{""1"": 8.0, ""2"": 15.0}",0-2-0,0-2-0,1012.8334176322215,1012.8334176322215,0.0,0.0,True,2.975000000304817e-05,0.009857166999999833,0
S02,2,2,2,22.0,"{""0"": [0.0, 0.0], ""1"": [7.8261368528064175, 1.2845895080331138], ""2"": [-6.312253315556434, 1.1530872087577562]}","{""1"": 8.0, ""2"": 15.0}",0-2-0,0-2-0,1012.8334176322215,1012.8334176322215,0.0,0.0,True,2.975000000304817e-05,0.009917957999995508,0
S02,2,2,3,22.0,"{""0"": [0.0, 0.0], ""1"": [7.8261368528064175, 1.2845895080331138], ""2"": [-6.312253315556434, 1.1530872087577562]}","{""1"": 8.0, ""2"": 15.0}",0-2-0,0-2-0,1012.8334176322215,1012.8334176322215,0.0,0.0,True,2.975000000304817e-05,0.00991454200000419,0
S02,2,2,4,22.0,"{""0"": [0.0, 0.0], ""1"": [7.8261368528064175, 1.2845895080331138], ""2"": [-6.312253315556434, 1.1530872087577562]}","{""1"": 8.0, ""2"": 15.0}",0-2-0,0-2-0,1012.8334176322215,1012.8334176322215,0.0,0.0,True,2.975000000304817e-05,0.009918042000002458,0
S02,2,2,5,22.0,"{""0"": [0.0, 0.0], ""1"": [7.8261368528064175, 1.2845895080331138], ""2"": [-6.312253315556434, 1.1530872087577562]}","{""1"": 8.0, ""2"": 15.0}",0-2-0,0-2-0,1012.8334176322215,1012.8334176322215,0.0,0.0,True,2.975000000304817e-05,0.009819583000002297,0
S02,2,2,6,22.0,"{""0"": [0.0, 0.0], ""1"": [7.8261368528064175, 1.2845895080331138], ""2"": [-6.312253315556434, 1.1530872087577562]}","{""1"": 8.0, ""2"": 15.0}",0-2-0,0-2-0,1012.8334176322215,1012.8334176322215,0.0,0.0,True,2.975000000304817e-05,0.009856207999995092,0
S02,2,2,7,22.0,"{""0"": [0.0, 0.0], ""1"": [7.8261368528064175, 1.2845895080331138], ""2"": [-6.312253315556434, 1.1530872087577562]}","{""1"": 8.0, ""2"": 15.0}",0-2-0,0-2-0,1012.8334176322215,1012.8334176322215,0.0,0.0,True,2.975000000304817e-05,0.009755250000004878,0
S02,2,2,8,22.0,"{""0"": [0.0, 0.0], ""1"": [7.8261368528064175, 1.2845895080331138], ""2"": [-6.312253315556434, 1.1530872087577562]}","{""1"": 8.0, ""2"": 15.0}",0-2-0,0-2-0,1012.8334176322215,1012.8334176322215,0.0,0.0,True,2.975000000304817e-05,0.009907667000000231,0
S02,2,2,9,22.0,"{""0"": [0.0, 0.0], ""1"": [7.8261368528064175, 1.2845895080331138], ""2"": [-6.312253315556434, 1.1530872087577562]}","{""1"": 8.0, ""2"": 15.0}",0-2-0,0-2-0,1012.8334176322215,1012.8334176322215,0.0,0.0,True,2.975000000304817e-05,0.009770791000001111,0
S02,2,2,10,22.0,"{""0"": [0.0, 0.0], ""1"": [7.8261368528064175, 1.2845895080331138], ""2"": [-6.312253315556434, 1.1530872087577562]}","{""1"": 8.0, ""2"": 15.0}",0-2-0,0-2-0,1012.8334176322215,1012.8334176322215,0.0,0.0,True,2.975000000304817e-05,0.00982554200000152,0
S03,2,3,1,26.0,"{""0"": [0.0, 0.0], ""1"": [7.746480176318181, 2.0731678987202717], ""2"": [-6.9960922711789, -0.533345858289273]}","{""1"": 9.0, ""2"": 23.0}",0-2-0,0-2-0,1014.032785164949,1014.032785164949,0.0,0.0,True,2.2916999995459264e-05,0.009901124999998956,0
S03,2,3,2,26.0,"{""0"": [0.0, 0.0], ""1"": [7.746480176318181, 2.0731678987202717], ""2"": [-6.9960922711789, -0.533345858289273]}","{""1"": 9.0, ""2"": 23.0}",0-2-0,0-2-0,1014.032785164949,1014.032785164949,0.0,0.0,True,2.2916999995459264e-05,0.009823457999999619,0
S03,2,3,3,26.0,"{""0"": [0.0, 0.0], ""1"": [7.746480176318181, 2.0731678987202717], ""2"": [-6.9960922711789, -0.533345858289273]}","{""1"": 9.0, ""2"": 23.0}",0-2-0,0-2-0,1014.032785164949,1014.032785164949,0.0,0.0,True,2.2916999995459264e-05,0.00985791699999794,0
S03,2,3,4,26.0,"{""0"": [0.0, 0.0], ""1"": [7.746480176318181, 2.0731678987202717], ""2"": [-6.9960922711789, -0.533345858289273]}","{""1"": 9.0, ""2"": 23.0}",0-2-0,0-2-0,1014.032785164949,1014.032785164949,0.0,0.0,True,2.2916999995459264e-05,0.009832750000001056,0
S03,2,3,5,26.0,"{""0"": [0.0, 0.0], ""1"": [7.746480176318181, 2.0731678987202717], ""2"": [-6.9960922711789, -0.533345858289273]}","{""1"": 9.0, ""2"": 23.0}",0-2-0,0-2-0,1014.032785164949,1014.032785164949,0.0,0.0,True,2.2916999995459264e-05,0.009862958999995897,0
S03,2,3,6,26.0,"{""0"": [0.0, 0.0], ""1"": [7.746480176318181, 2.0731678987202717], ""2"": [-6.9960922711789, -0.533345858289273]}","{""1"": 9.0, ""2"": 23.0}",0-2-0,0-2-0,1014.032785164949,1014.032785164949,0.0,0.0,True,2.2916999995459264e-05,0.00995883299999889,0
S03,2,3,7,26.0,"{""0"": [0.0, 0.0], ""1"": [7.746480176318181, 2.0731678987202717], ""2"": [-6.9960922711789, -0.533345858289273]}","{""1"": 9.0, ""2"": 23.0}",0-2-0,0-2-0,1014.032785164949,1014.032785164949,0.0,0.0,True,2.2916999995459264e-05,0.010033124999999643,0
S03,2,3,8,26.0,"{""0"": [0.0, 0.0], ""1"": [7.746480176318181, 2.0731678987202717], ""2"": [-6.9960922711789, -0.533345858289273]}","{""1"": 9.0, ""2"": 23.0}",0-2-0,0-2-0,1014.032785164949,1014.032785164949,0.0,0.0,True,2.2916999995459264e-05,0.009661000000001252,0
S03,2,3,9,26.0,"{""0"": [0.0, 0.0], ""1"": [7.746480176318181, 2.0731678987202717], ""2"": [-6.9960922711789, -0.533345858289273]}","{""1"": 9.0, ""2"": 23.0}",0-2-0,0-2-0,1014.032785164949,1014.032785164949,0.0,0.0,True,2.2916999995459264e-05,0.009858583999999837,0
S03,2,3,10,26.0,"{""0"": [0.0, 0.0], ""1"": [7.746480176318181, 2.0731678987202717], ""2"": [-6.9960922711789, -0.533345858289273]}","{""1"": 9.0, ""2"": 23.0}",0-2-0,0-2-0,1014.032785164949,1014.032785164949,0.0,0.0,True,2.2916999995459264e-05,0.009694166999999254,0
S04,2,4,1,30.0,"{""0"": [0.0, 0.0], ""1"": [5.10408720400438, 0.9419842151970671], ""2"": [-4.150429317797634, 0.3756594283288724]}","{""1"": 10.0, ""2"": 13.0}",0-1-2-0,0-2-1-0,18.62950685417654,18.62950685417654,0.0,0.0,True,3.404199999579305e-05,0.014637499999999193,0
S04,2,4,2,30.0,"{""0"": [0.0, 0.0], ""1"": [5.10408720400438, 0.9419842151970671], ""2"": [-4.150429317797634, 0.3756594283288724]}","{""1"": 10.0, ""2"": 13.0}",0-1-2-0,0-1-2-0,18.62950685417654,18.62950685417654,0.0,0.0,True,3.404199999579305e-05,0.014654665999998429,0
S04,2,4,3,30.0,"{""0"": [0.0, 0.0], ""1"": [5.10408720400438, 0.9419842151970671], ""2"": [-4.150429317797634, 0.3756594283288724]}","{""1"": 10.0, ""2"": 13.0}",0-1-2-0,0-1-2-0,18.62950685417654,18.62950685417654,0.0,0.0,True,3.404199999579305e-05,0.01494091600000047,0
S04,2,4,4,30.0,"{""0"": [0.0, 0.0], ""1"": [5.10408720400438, 0.9419842151970671], ""2"": [-4.150429317797634, 0.3756594283288724]}","{""1"": 10.0, ""2"": 13.0}",0-1-2-0,0-2-1-0,18.62950685417654,18.62950685417654,0.0,0.0,True,3.404199999579305e-05,0.014665250000000185,0
S04,2,4,5,30.0,"{""0"": [0.0, 0.0], ""1"": [5.10408720400438, 0.9419842151970671], ""2"": [-4.150429317797634, 0.3756594283288724]}","{""1"": 10.0, ""2"": 13.0}",0-1-2-0,0-2-1-0,18.62950685417654,18.62950685417654,0.0,0.0,True,3.404199999579305e-05,0.014623499999999012,0
S04,2,4,6,30.0,"{""0"": [0.0, 0.0], ""1"": [5.10408720400438, 0.9419842151970671], ""2"": [-4.150429317797634, 0.3756594283288724]}","{""1"": 10.0, ""2"": 13.0}",0-1-2-0,0-2-1-0,18.62950685417654,18.62950685417654,0.0,0.0,True,3.404199999579305e-05,0.014805791999997098,0
S04,2,4,7,30.0,"{""0"": [0.0, 0.0], ""1"": [5.10408720400438, 0.9419842151970671], ""2"": [-4.150429317797634, 0.3756594283288724]}","{""1"": 10.0, ""2"": 13.0}",0-1-2-0,0-2-1-0,18.62950685417654,18.62950685417654,0.0,0.0,True,3.404199999579305e-05,0.01480962499999805,0
S04,2,4,8,30.0,"{""0"": [0.0, 0.0], ""1"": [5.10408720400438, 0.9419842151970671], ""2"": [-4.150429317797634, 0.3756594283288724]}","{""1"": 10.0, ""2"": 13.0}",0-1-2-0,0-1-2-0,18.62950685417654,18.62950685417654,0.0,0.0,True,3.404199999579305e-05,0.014768541999998774,0
S04,2,4,9,30.0,"{""0"": [0.0, 0.0], ""1"": [5.10408720400438, 0.9419842151970671], ""2"": [-4.150429317797634, 0.3756594283288724]}","{""1"": 10.0, ""2"": 13.0}",0-1-2-0,0-2-1-0,18.62950685417654,18.62950685417654,0.0,0.0,True,3.404199999579305e-05,0.014695000000003233,0
S04,2,4,10,30.0,"{""0"": [0.0, 0.0], ""1"": [5.10408720400438, 0.9419842151970671], ""2"": [-4.150429317797634, 0.3756594283288724]}","{""1"": 10.0, ""2"": 13.0}",0-1-2-0,0-2-1-0,18.62950685417654,18.62950685417654,0.0,0.0,True,3.404199999579305e-05,0.014711832999999785,0
S05,2,5,1,18.0,"{""0"": [0.0, 0.0], ""1"": [5.084940897390553, 0.07352031104947966], ""2"": [-2.5662905630894097, -0.23516552542683494]}","{""1"": 21.0, ""2"": 21.0}",0-1-2-0,0-2-1-0,15.31997108955317,15.31997108955317,0.0,0.0,True,3.429199999516186e-05,0.014470667000004767,0
S05,2,5,2,18.0,"{""0"": [0.0, 0.0], ""1"": [5.084940897390553, 0.07352031104947966], ""2"": [-2.5662905630894097, -0.23516552542683494]}","{""1"": 21.0, ""2"": 21.0}",0-1-2-0,0-2-1-0,15.31997108955317,15.31997108955317,0.0,0.0,True,3.429199999516186e-05,0.014592583999998965,0
S05,2,5,3,18.0,"{""0"": [0.0, 0.0], ""1"": [5.084940897390553, 0.07352031104947966], ""2"": [-2.5662905630894097, -0.23516552542683494]}","{""1"": 21.0, ""2"": 21.0}",0-1-2-0,0-1-2-0,15.31997108955317,15.31997108955317,0.0,0.0,True,3.429199999516186e-05,0.01471945800000185,0
S05,2,5,4,18.0,"{""0"": [0.0, 0.0], ""1"": [5.084940897390553, 0.07352031104947966], ""2"": [-2.5662905630894097, -0.23516552542683494]}","{""1"": 21.0, ""2"": 21.0}",0-1-2-0,0-2-1-0,15.31997108955317,15.31997108955317,0.0,0.0,True,3.429199999516186e-05,0.014777291000001469,0
S05,2,5,5,18.0,"{""0"": [0.0, 0.0], ""1"": [5.084940897390553, 0.07352031104947966], ""2"": [-2.5662905630894097, -0.23516552542683494]}","{""1"": 21.0, ""2"": 21.0}",0-1-2-0,0-2-1-0,15.31997108955317,15.31997108955317,0.0,0.0,True,3.429199999516186e-05,0.014695707999997865,0
S05,2,5,6,18.0,"{""0"": [0.0, 0.0], ""1"": [5.084940897390553, 0.07352031104947966], ""2"": [-2.5662905630894097, -0.23516552542683494]}","{""1"": 21.0, ""2"": 21.0}",0-1-2-0,0-2-1-0,15.31997108955317,15.31997108955317,0.0,0.0,True,3.429199999516186e-05,0.01484224999999384,0
S05,2,5,7,18.0,"{""0"": [0.0, 0.0], ""1"": [5.084940897390553, 0.07352031104947966], ""2"": [-2.5662905630894097, -0.23516552542683494]}","{""1"": 21.0, ""2"": 21.0}",0-1-2-0,0-2-1-0,15.31997108955317,15.31997108955317,0.0,0.0,True,3.429199999516186e-05,0.014904459000000259,0
S05,2,5,8,18.0,"{""0"": [0.0, 0.0], ""1"": [5.084940897390553, 0.07352031104947966], ""2"": [-2.5662905630894097, -0.23516552542683494]}","{""1"": 21.0, ""2"": 21.0}",0-1-2-0,0-2-1-0,15.31997108955317,15.31997108955317,0.0,0.0,True,3.429199999516186e-05,0.016049542000004635,0
S05,2,5,9,18.0,"{""0"": [0.0, 0.0], ""1"": [5.084940897390553, 0.07352031104947966], ""2"": [-2.5662905630894097, -0.23516552542683494]}","{""1"": 21.0, ""2"": 21.0}",0-1-2-0,0-2-1-0,15.31997108955317,15.31997108955317,0.0,0.0,True,3.429199999516186e-05,0.015485334000004514,0
S05,2,5,10,18.0,"{""0"": [0.0, 0.0], ""1"": [5.084940897390553, 0.07352031104947966], ""2"": [-2.5662905630894097, -0.23516552542683494]}","{""1"": 21.0, ""2"": 21.0}",0-1-2-0,0-2-1-0,15.31997108955317,15.31997108955317,0.0,0.0,True,3.429199999516186e-05,0.015199332999998205,0
S06,3,1,1,18.0,"{""0"": [0.0, 0.0], ""1"": [3.661924158077837, -0.27699720199461925], ""2"": [-2.787407733931288, 4.28505126901802], ""3"": [-2.230094221221277, -3.0229038071980527]}","{""1"": 38.0, ""2"": 36.0, ""3"": 39.0}",0-1-3-0,0-1-3-0,1013.9293349006217,1013.9293349006217,0.0,0.0,True,8.299999999650254e-05,0.01628495799999996,0
S06,3,1,2,18.0,"{""0"": [0.0, 0.0], ""1"": [3.661924158077837, -0.27699720199461925], ""2"": [-2.787407733931288, 4.28505126901802], ""3"": [-2.230094221221277, -3.0229038071980527]}","{""1"": 38.0, ""2"": 36.0, ""3"": 39.0}",0-1-3-0,0-3-1-0,1013.9293349006217,1013.9293349006217,0.0,0.0,True,8.299999999650254e-05,0.015772999999995818,0
S06,3,1,3,18.0,"{""0"": [0.0, 0.0], ""1"": [3.661924158077837, -0.27699720199461925], ""2"": [-2.787407733931288, 4.28505126901802], ""3"": [-2.230094221221277, -3.0229038071980527]}","{""1"": 38.0, ""2"": 36.0, ""3"": 39.0}",0-1-3-0,0-1-3-0,1013.9293349006217,1013.9293349006217,0.0,0.0,True,8.299999999650254e-05,0.015680624999994563,0
S06,3,1,4,18.0,"{""0"": [0.0, 0.0], ""1"": [3.661924158077837, -0.27699720199461925], ""2"": [-2.787407733931288, 4.28505126901802], ""3"": [-2.230094221221277, -3.0229038071980527]}","{""1"": 38.0, ""2"": 36.0, ""3"": 39.0}",0-1-3-0,0-3-1-0,1013.9293349006217,1013.9293349006217,0.0,0.0,True,8.299999999650254e-05,0.015585082999997724,0
S06,3,1,5,18.0,"{""0"": [0.0, 0.0], ""1"": [3.661924158077837, -0.27699720199461925], ""2"": [-2.787407733931288, 4.28505126901802], ""3"": [-2.230094221221277, -3.0229038071980527]}","{""1"": 38.0, ""2"": 36.0, ""3"": 39.0}",0-1-3-0,0-1-3-0,1013.9293349006217,1013.9293349006217,0.0,0.0,True,8.299999999650254e-05,0.01574095800000208,0
S06,3,1,6,18.0,"{""0"": [0.0, 0.0], ""1"": [3.661924158077837, -0.27699720199461925], ""2"": [-2.787407733931288, 4.28505126901802], ""3"": [-2.230094221221277, -3.0229038071980527]}","{""1"": 38.0, ""2"": 36.0, ""3"": 39.0}",0-1-3-0,0-3-1-0,1013.9293349006217,1013.9293349006217,0.0,0.0,True,8.299999999650254e-05,0.015557542000003366,0
S06,3,1,7,18.0,"{""0"": [0.0, 0.0], ""1"": [3.661924158077837, -0.27699720199461925], ""2"": [-2.787407733931288, 4.28505126901802], ""3"": [-2.230094221221277, -3.0229038071980527]}","{""1"": 38.0, ""2"": 36.0, ""3"": 39.0}",0-1-3-0,0-3-1-0,1013.9293349006217,1013.9293349006217,0.0,0.0,True,8.299999999650254e-05,0.015629375000003165,0
S06,3,1,8,18.0,"{""0"": [0.0, 0.0], ""1"": [3.661924158077837, -0.27699720199461925], ""2"": [-2.787407733931288, 4.28505126901802], ""3"": [-2.230094221221277, -3.0229038071980527]}","{""1"": 38.0, ""2"": 36.0, ""3"": 39.0}",0-1-3-0,0-1-3-0,1013.9293349006217,1013.9293349006217,0.0,0.0,True,8.299999999650254e-05,0.01558258299999693,0
S06,3,1,9,18.0,"{""0"": [0.0, 0.0], ""1"": [3.661924158077837, -0.27699720199461925], ""2"": [-2.787407733931288, 4.28505126901802], ""3"": [-2.230094221221277, -3.0229038071980527]}","{""1"": 38.0, ""2"": 36.0, ""3"": 39.0}",0-1-3-0,0-3-1-0,1013.9293349006217,1013.9293349006217,0.0,0.0,True,8.299999999650254e-05,0.015556249999995941,0
S06,3,1,10,18.0,"{""0"": [0.0, 0.0], ""1"": [3.661924158077837, -0.27699720199461925], ""2"": [-2.787407733931288, 4.28505126901802], ""3"": [-2.230094221221277, -3.0229038071980527]}","{""1"": 38.0, ""2"": 36.0, ""3"": 39.0}",0-1-3-0,0-3-1-0,1013.9293349006217,1013.9293349006217,0.0,0.0,True,8.299999999650254e-05,0.015662208000001954,0
S07,3,2,1,22.0,"{""0"": [0.0, 0.0], ""1"": [4.562445203946923, 0.27296494147505407], ""2"": [-4.109546389268812, 4.205845466630197], ""3"": [-4.206181089341284, -6.690341538836529]}","{""1"": 33.0, ""2"": 5.0, ""3"": 16.0}",0-1-2-0,0-1-2-0,1019.9729991725303,1019.9729991725303,0.0,0.0,True,4.891699999376442e-05,0.014675167000000044,0
S07,3,2,2,22.0,"{""0"": [0.0, 0.0], ""1"": [4.562445203946923, 0.27296494147505407], ""2"": [-4.109546389268812, 4.205845466630197], ""3"": [-4.206181089341284, -6.690341538836529]}","{""1"": 33.0, ""2"": 5.0, ""3"": 16.0}",0-1-2-0,0-1-2-0,1019.9729991725303,1019.9729991725303,0.0,0.0,True,4.891699999376442e-05,0.014911083999997743,0
S07,3,2,3,22.0,"{""0"": [0.0, 0.0], ""1"": [4.562445203946923, 0.27296494147505407], ""2"": [-4.109546389268812, 4.205845466630197], ""3"": [-4.206181089341284, -6.690341538836529]}","{""1"": 33.0, ""2"": 5.0, ""3"": 16.0}",0-1-2-0,0-1-2-0,1019.9729991725303,1019.9729991725303,0.0,0.0,True,4.891699999376442e-05,0.014872083000000202,0
S07,3,2,4,22.0,"{""0"": [0.0, 0.0], ""1"": [4.562445203946923, 0.27296494147505407], ""2"": [-4.109546389268812, 4.205845466630197], ""3"": [-4.206181089341284, -6.690341538836529]}","{""1"": 33.0, ""2"": 5.0, ""3"": 16.0}",0-1-2-0,0-1-2-0,1019.9729991725303,1019.9729991725303,0.0,0.0,True,4.891699999376442e-05,0.014838124999997149,0
S07,3,2,5,22.0,"{""0"": [0.0, 0.0], ""1"": [4.562445203946923, 0.27296494147505407], ""2"": [-4.109546389268812, 4.205845466630197], ""3"": [-4.206181089341284, -6.690341538836529]}","{""1"": 33.0, ""2"": 5.0, ""3"": 16.0}",0-1-2-0,0-2-1-0,1019.9729991725303,1019.9729991725303,0.0,0.0,True,4.891699999376442e-05,0.014859500000000025,0
S07,3,2,6,22.0,"{""0"": [0.0, 0.0], ""1"": [4.562445203946923, 0.27296494147505407], ""2"": [-4.109546389268812, 4.205845466630197], ""3"": [-4.206181089341284, -6.690341538836529]}","{""1"": 33.0, ""2"": 5.0, ""3"": 16.0}",0-1-2-0,0-2-1-0,1019.9729991725303,1019.9729991725303,0.0,0.0,True,4.891699999376442e-05,0.014892917000004502,0
S07,3,2,7,22.0,"{""0"": [0.0, 0.0], ""1"": [4.562445203946923, 0.27296494147505407], ""2"": [-4.109546389268812, 4.205845466630197], ""3"": [-4.206181089341284, -6.690341538836529]}","{""1"": 33.0, ""2"": 5.0, ""3"": 16.0}",0-1-2-0,0-2-1-0,1019.9729991725303,1019.9729991725303,0.0,0.0,True,4.891699999376442e-05,0.01502366700000124,0
S07,3,2,8,22.0,"{""0"": [0.0, 0.0], ""1"": [4.562445203946923, 0.27296494147505407], ""2"": [-4.109546389268812, 4.205845466630197], ""3"": [-4.206181089341284, -6.690341538836529]}","{""1"": 33.0, ""2"": 5.0, ""3"": 16.0}",0-1-2-0,0-1-2-0,1019.9729991725303,1019.9729991725303,0.0,0.0,True,4.891699999376442e-05,0.01521904199999824,0
S07,3,2,9,22.0,"{""0"": [0.0, 0.0], ""1"": [4.562445203946923, 0.27296494147505407], ""2"": [-4.109546389268812, 4.205845466630197], ""3"": [-4.206181089341284, -6.690341538836529]}","{""1"": 33.0, ""2"": 5.0, ""3"": 16.0}",0-1-2-0,0-1-2-0,1019.9729991725303,1019.9729991725303,0.0,0.0,True,4.891699999376442e-05,0.014875957999997524,0
S07,3,2,10,22.0,"{""0"": [0.0, 0.0], ""1"": [4.562445203946923, 0.27296494147505407], ""2"": [-4.109546389268812, 4.205845466630197], ""3"": [-4.206181089341284, -6.690341538836529]}","{""1"": 33.0, ""2"": 5.0, ""3"": 16.0}",0-1-2-0,0-1-2-0,1019.9729991725303,1019.9729991725303,0.0,0.0,True,4.891699999376442e-05,0.014749250000001268,0
S08,3,3,1,26.0,"{""0"": [0.0, 0.0], ""1"": [4.356548742220103, 0.4800916531681631], ""2"": [-2.549605246169144, 6.201382592616024], ""3"": [-3.415274822688987, -4.258272893778211]}","{""1"": 22.0, ""2"": 25.0, ""3"": 27.0}",0-1-3-0,0-1-3-0,1018.9439649143743,1018.9439649143743,0.0,0.0,True,6.63329999994744e-05,0.015500000000002956,0
S08,3,3,2,26.0,"{""0"": [0.0, 0.0], ""1"": [4.356548742220103, 0.4800916531681631], ""2"": [-2.549605246169144, 6.201382592616024], ""3"": [-3.415274822688987, -4.258272893778211]}","{""1"": 22.0, ""2"": 25.0, ""3"": 27.0}",0-1-3-0,0-3-1-0,1018.9439649143743,1018.9439649143743,0.0,0.0,True,6.63329999994744e-05,0.01564479200000335,0
S08,3,3,3,26.0,"{""0"": [0.0, 0.0], ""1"": [4.356548742220103, 0.4800916531681631], ""2"": [-2.549605246169144, 6.201382592616024], ""3"": [-3.415274822688987, -4.258272893778211]}","{""1"": 22.0, ""2"": 25.0, ""3"": 27.0}",0-1-3-0,0-3-1-0,1018.9439649143743,1018.9439649143743,0.0,0.0,True,6.63329999994744e-05,0.015564625000003218,0
S08,3,3,4,26.0,"{""0"": [0.0, 0.0], ""1"": [4.356548742220103, 0.4800916531681631], ""2"": [-2.549605246169144, 6.201382592616024], ""3"": [-3.415274822688987, -4.258272893778211]}","{""1"": 22.0, ""2"": 25.0, ""3"": 27.0}",0-1-3-0,0-3-1-0,1018.9439649143743,1018.9439649143743,0.0,0.0,True,6.63329999994744e-05,0.016028667000000496,0
S08,3,3,5,26.0,"{""0"": [0.0, 0.0], ""1"": [4.356548742220103, 0.4800916531681631], ""2"": [-2.549605246169144, 6.201382592616024], ""3"": [-3.415274822688987, -4.258272893778211]}","{""1"": 22.0, ""2"": 25.0, ""3"": 27.0}",0-1-3-0,0-1-3-0,1018.9439649143743,1018.9439649143743,0.0,0.0,True,6.63329999994744e-05,0.01641174999999606,0
S08,3,3,6,26.0,"{""0"": [0.0, 0.0], ""1"": [4.356548742220103, 0.4800916531681631], ""2"": [-2.549605246169144, 6.201382592616024], ""3"": [-3.415274822688987, -4.258272893778211]}","{""1"": 22.0, ""2"": 25.0, ""3"": 27.0}",0-1-3-0,0-1-3-0,1018.9439649143743,1018.9439649143743,0.0,0.0,True,6.63329999994744e-05,0.016457665999993765,0
S08,3,3,7,26.0,"{""0"": [0.0, 0.0], ""1"": [4.356548742220103, 0.4800916531681631], ""2"": [-2.549605246169144, 6.201382592616024], ""3"": [-3.415274822688987, -4.258272893778211]}","{""1"": 22.0, ""2"": 25.0, ""3"": 27.0}",0-1-3-0,0-3-1-0,1018.9439649143743,1018.9439649143743,0.0,0.0,True,6.63329999994744e-05,0.016446334000001173,0
S08,3,3,8,26.0,"{""0"": [0.0, 0.0], ""1"": [4.356548742220103, 0.4800916531681631], ""2"": [-2.549605246169144, 6.201382592616024], ""3"": [-3.415274822688987, -4.258272893778211]}","{""1"": 22.0, ""2"": 25.0, ""3"": 27.0}",0-1-3-0,0-1-3-0,1018.9439649143743,1018.9439649143743,0.0,0.0,True,6.63329999994744e-05,0.015752583000001152,0
S08,3,3,9,26.0,"{""0"": [0.0, 0.0], ""1"": [4.356548742220103, 0.4800916531681631], ""2"": [-2.549605246169144, 6.201382592616024], ""3"": [-3.415274822688987, -4.258272893778211]}","{""1"": 22.0, ""2"": 25.0, ""3"": 27.0}",0-1-3-0,0-3-1-0,1018.9439649143743,1018.9439649143743,0.0,0.0,True,6.63329999994744e-05,0.016042708000000516,0
S08,3,3,10,26.0,"{""0"": [0.0, 0.0], ""1"": [4.356548742220103, 0.4800916531681631], ""2"": [-2.549605246169144, 6.201382592616024], ""3"": [-3.415274822688987, -4.258272893778211]}","{""1"": 22.0, ""2"": 25.0, ""3"": 27.0}",0-1-3-0,0-3-1-0,1018.9439649143743,1018.9439649143743,0.0,0.0,True,6.63329999994744e-05,0.016886958000000618,0
S09,3,4,1,30.0,"{""0"": [0.0, 0.0], ""1"": [5.7424127150123665, 0.7477969963059181], ""2"": [-2.6396306093234605, 3.928405513831026], ""3"": [-2.943360645460055, -4.609376228252428]}","{""1"": 11.0, ""2"": 35.0, ""3"": 21.0}",0-1-2-3-0,0-1-2-3-0,28.768265182818098,28.768265182818098,0.0,0.0,True,0.00010970799999654446,0.022754542000001265,0
S09,3,4,2,30.0,"{""0"": [0.0, 0.0], ""1"": [5.7424127150123665, 0.7477969963059181], ""2"": [-2.6396306093234605, 3.928405513831026], ""3"": [-2.943360645460055, -4.609376228252428]}","{""1"": 11.0, ""2"": 35.0, ""3"": 21.0}",0-1-2-3-0,0-1-2-3-0,28.768265182818098,28.768265182818098,0.0,0.0,True,0.00010970799999654446,0.021668334000004563,0
S09,3,4,3,30.0,"{""0"": [0.0, 0.0], ""1"": [5.7424127150123665, 0.7477969963059181], ""2"": [-2.6396306093234605, 3.928405513831026], ""3"": [-2.943360645460055, -4.609376228252428]}","{""1"": 11.0, ""2"": 35.0, ""3"": 21.0}",0-1-2-3-0,0-1-2-3-0,28.768265182818098,28.768265182818098,0.0,0.0,True,0.00010970799999654446,0.022272999999998433,0
S09,3,4,4,30.0,"{""0"": [0.0, 0.0], ""1"": [5.7424127150123665, 0.7477969963059181], ""2"": [-2.6396306093234605, 3.928405513831026], ""3"": [-2.943360645460055, -4.609376228252428]}","{""1"": 11.0, ""2"": 35.0, ""3"": 21.0}",0-1-2-3-0,0-3-2-1-0,28.768265182818098,28.768265182818098,0.0,0.0,True,0.00010970799999654446,0.022525125000001367,0
S09,3,4,5,30.0,"{""0"": [0.0, 0.0], ""1"": [5.7424127150123665, 0.7477969963059181], ""2"": [-2.6396306093234605, 3.928405513831026], ""3"": [-2.943360645460055, -4.609376228252428]}","{""1"": 11.0, ""2"": 35.0, ""3"": 21.0}",0-1-2-3-0,0-3-2-1-0,28.768265182818098,28.768265182818098,0.0,0.0,True,0.00010970799999654446,0.022818082999997102,0
S09,3,4,6,30.0,"{""0"": [0.0, 0.0], ""1"": [5.7424127150123665, 0.7477969963059181], ""2"": [-2.6396306093234605, 3.928405513831026], ""3"": [-2.943360645460055, -4.609376228252428]}","{""1"": 11.0, ""2"": 35.0, ""3"": 21.0}",0-1-2-3-0,0-1-2-3-0,28.768265182818098,28.768265182818098,0.0,0.0,True,0.00010970799999654446,0.02156020800000391,0
S09,3,4,7,30.0,"{""0"": [0.0, 0.0], ""1"": [5.7424127150123665, 0.7477969963059181], ""2"": [-2.6396306093234605, 3.928405513831026], ""3"": [-2.943360645460055, -4.609376228252428]}","{""1"": 11.0, ""2"": 35.0, ""3"": 21.0}",0-1-2-3-0,0-1-2-3-0,28.768265182818098,28.768265182818098,0.0,0.0,True,0.00010970799999654446,0.021032083999998008,0
S09,3,4,8,30.0,"{""0"": [0.0, 0.0], ""1"": [5.7424127150123665, 0.7477969963059181], ""2"": [-2.6396306093234605, 3.928405513831026], ""3"": [-2.943360645460055, -4.609376228252428]}","{""1"": 11.0, ""2"": 35.0, ""3"": 21.0}",0-1-2-3-0,0-3-2-1-0,28.768265182818098,28.768265182818098,0.0,0.0,True,0.00010970799999654446,0.020795249999999044,0
S09,3,4,9,30.0,"{""0"": [0.0, 0.0], ""1"": [5.7424127150123665, 0.7477969963059181], ""2"": [-2.6396306093234605, 3.928405513831026], ""3"": [-2.943360645460055, -4.609376228252428]}","{""1"": 11.0, ""2"": 35.0, ""3"": 21.0}",0-1-2-3-0,0-3-2-1-0,28.768265182818098,28.768265182818098,0.0,0.0,True,0.00010970799999654446,0.02062220799999892,0
S09,3,4,10,30.0,"{""0"": [0.0, 0.0], ""1"": [5.7424127150123665, 0.7477969963059181], ""2"": [-2.6396306093234605, 3.928405513831026], ""3"": [-2.943360645460055, -4.609376228252428]}","{""1"": 11.0, ""2"": 35.0, ""3"": 21.0}",0-1-2-3-0,0-1-2-3-0,28.768265182818098,28.768265182818098,0.0,0.0,True,0.00010970799999654446,0.02087979200000234,0
S10,3,5,1,18.0,"{""0"": [0.0, 0.0], ""1"": [5.934244065503545, 0.5855697114729306], ""2"": [-1.1521090709925257, 2.2308814943802315], ""3"": [-1.972914147920904, -5.258373825577362]}","{""1"": 32.0, ""2"": 16.0, ""3"": 31.0}",0-2-3-0,0-2-3-0,1015.6612196749325,1015.6612196749325,0.0,0.0,True,6.150000000104683e-05,0.015838958000003345,0
S10,3,5,2,18.0,"{""0"": [0.0, 0.0], ""1"": [5.934244065503545, 0.5855697114729306], ""2"": [-1.1521090709925257, 2.2308814943802315], ""3"": [-1.972914147920904, -5.258373825577362]}","{""1"": 32.0, ""2"": 16.0, ""3"": 31.0}",0-2-3-0,0-2-3-0,1015.6612196749325,1015.6612196749325,0.0,0.0,True,6.150000000104683e-05,0.015687290999998993,0
S10,3,5,3,18.0,"{""0"": [0.0, 0.0], ""1"": [5.934244065503545, 0.5855697114729306], ""2"": [-1.1521090709925257, 2.2308814943802315], ""3"": [-1.972914147920904, -5.258373825577362]}","{""1"": 32.0, ""2"": 16.0, ""3"": 31.0}",0-2-3-0,0-2-3-0,1015.6612196749325,1015.6612196749325,0.0,0.0,True,6.150000000104683e-05,0.015772542000000556,0
S10,3,5,4,18.0,"{""0"": [0.0, 0.0], ""1"": [5.934244065503545, 0.5855697114729306], ""2"": [-1.1521090709925257, 2.2308814943802315], ""3"": [-1.972914147920904, -5.258373825577362]}","{""1"": 32.0, ""2"": 16.0, ""3"": 31.0}",0-2-3-0,0-3-2-0,1015.6612196749325,1015.6612196749325,0.0,0.0,True,6.150000000104683e-05,0.015439209000000176,0
S10,3,5,5,18.0,"{""0"": [0.0, 0.0], ""1"": [5.934244065503545, 0.5855697114729306], ""2"": [-1.1521090709925257, 2.2308814943802315], ""3"": [-1.972914147920904, -5.258373825577362]}","{""1"": 32.0, ""2"": 16.0, ""3"": 31.0}",0-2-3-0,0-2-3-0,1015.6612196749325,1015.6612196749325,0.0,0.0,True,6.150000000104683e-05,0.01540766600000154,0
S10,3,5,6,18.0,"{""0"": [0.0, 0.0], ""1"": [5.934244065503545, 0.5855697114729306], ""2"": [-1.1521090709925257, 2.2308814943802315], ""3"": [-1.972914147920904, -5.258373825577362]}","{""1"": 32.0, ""2"": 16.0, ""3"": 31.0}",0-2-3-0,0-3-2-0,1015.6612196749325,1015.6612196749325,0.0,0.0,True,6.150000000104683e-05,0.015689625000000262,0
S10,3,5,7,18.0,"{""0"": [0.0, 0.0], ""1"": [5.934244065503545, 0.5855697114729306], ""2"": [-1.1521090709925257, 2.2308814943802315], ""3"": [-1.972914147920904, -5.258373825577362]}","{""1"": 32.0, ""2"": 16.0, ""3"": 31.0}",0-2-3-0,0-2-3-0,1015.6612196749325,1015.6612196749325,0.0,0.0,True,6.150000000104683e-05,0.015650084000000675,0
S10,3,5,8,18.0,"{""0"": [0.0, 0.0], ""1"": [5.934244065503545, 0.5855697114729306], ""2"": [-1.1521090709925257, 2.2308814943802315], ""3"": [-1.972914147920904, -5.258373825577362]}","{""1"": 32.0, ""2"": 16.0, ""3"": 31.0}",0-2-3-0,0-2-3-0,1015.6612196749325,1015.6612196749325,0.0,0.0,True,6.150000000104683e-05,0.0151112499999968,0
S10,3,5,9,18.0,"{""0"": [0.0, 0.0], ""1"": [5.934244065503545, 0.5855697114729306], ""2"": [-1.1521090709925257, 2.2308814943802315], ""3"": [-1.972914147920904, -5.258373825577362]}","{""1"": 32.0, ""2"": 16.0, ""3"": 31.0}",0-2-3-0,0-3-2-0,1015.6612196749325,1015.6612196749325,0.0,0.0,True,6.150000000104683e-05,0.015783167000002152,0
S10,3,5,10,18.0,"{""0"": [0.0, 0.0], ""1"": [5.934244065503545, 0.5855697114729306], ""2"": [-1.1521090709925257, 2.2308814943802315], ""3"": [-1.972914147920904, -5.258373825577362]}","{""1"": 32.0, ""2"": 16.0, ""3"": 31.0}",0-2-3-0,0-3-2-0,1015.6612196749325,1015.6612196749325,0.0,0.0,True,6.150000000104683e-05,0.015727333999997484,0
S11,4,1,1,18.0,"{""0"": [0.0, 0.0], ""1"": [7.72363562551066, -1.789467915652458], ""2"": [-0.7725105994392051, 2.7458109234212165], ""3"": [-6.858715813468062, 0.5456638937636201], ""4"": [-0.6128895259995948, -5.870391350195993]}","{""1"": 22.0, ""2"": 26.0, ""3"": 19.0, ""4"": 11.0}",0-2-3-0,0-2-3-0,2016.2044709561799,2016.2044709561799,0.0,0.0,True,0.00011870799999513792,0.016416999999997017,0
S11,4,1,2,18.0,"{""0"": [0.0, 0.0], ""1"": [7.72363562551066, -1.789467915652458], ""2"": [-0.7725105994392051, 2.7458109234212165], ""3"": [-6.858715813468062, 0.5456638937636201], ""4"": [-0.6128895259995948, -5.870391350195993]}","{""1"": 22.0, ""2"": 26.0, ""3"": 19.0, ""4"": 11.0}",0-2-3-0,0-2-3-0,2016.2044709561799,2016.2044709561799,0.0,0.0,True,0.00011870799999513792,0.01625545799999628,0
S11,4,1,3,18.0,"{""0"": [0.0, 0.0], ""1"": [7.72363562551066, -1.789467915652458], ""2"": [-0.7725105994392051, 2.7458109234212165], ""3"": [-6.858715813468062, 0.5456638937636201], ""4"": [-0.6128895259995948, -5.870391350195993]}","{""1"": 22.0, ""2"": 26.0, ""3"": 19.0, ""4"": 11.0}",0-2-3-0,0-2-3-0,2016.2044709561799,2016.2044709561799,0.0,0.0,True,0.00011870799999513792,0.01619637499999982,0
S11,4,1,4,18.0,"{""0"": [0.0, 0.0], ""1"": [7.72363562551066, -1.789467915652458], ""2"": [-0.7725105994392051, 2.7458109234212165], ""3"": [-6.858715813468062, 0.5456638937636201], ""4"": [-0.6128895259995948, -5.870391350195993]}","{""1"": 22.0, ""2"": 26.0, ""3"": 19.0, ""4"": 11.0}",0-2-3-0,0-2-3-0,2016.2044709561799,2016.2044709561799,0.0,0.0,True,0.00011870799999513792,0.01662166700000256,0
S11,4,1,5,18.0,"{""0"": [0.0, 0.0], ""1"": [7.72363562551066, -1.789467915652458], ""2"": [-0.7725105994392051, 2.7458109234212165], ""3"": [-6.858715813468062, 0.5456638937636201], ""4"": [-0.6128895259995948, -5.870391350195993]}","{""1"": 22.0, ""2"": 26.0, ""3"": 19.0, ""4"": 11.0}",0-2-3-0,0-3-2-0,2016.2044709561799,2016.2044709561799,0.0,0.0,True,0.00011870799999513792,0.015877416999998673,0
S11,4,1,6,18.0,"{""0"": [0.0, 0.0], ""1"": [7.72363562551066, -1.789467915652458], ""2"": [-0.7725105994392051, 2.7458109234212165], ""3"": [-6.858715813468062, 0.5456638937636201], ""4"": [-0.6128895259995948, -5.870391350195993]}","{""1"": 22.0, ""2"": 26.0, ""3"": 19.0, ""4"": 11.0}",0-2-3-0,0-2-3-0,2016.2044709561799,2016.2044709561799,0.0,0.0,True,0.00011870799999513792,0.016488791999996977,0
S11,4,1,7,18.0,"{""0"": [0.0, 0.0], ""1"": [7.72363562551066, -1.789467915652458], ""2"": [-0.7725105994392051, 2.7458109234212165], ""3"": [-6.858715813468062, 0.5456638937636201], ""4"": [-0.6128895259995948, -5.870391350195993]}","{""1"": 22.0, ""2"": 26.0, ""3"": 19.0, ""4"": 11.0}",0-2-3-0,0-3-2-0,2016.2044709561799,2016.2044709561799,0.0,0.0,True,0.00011870799999513792,0.01651329199999907,0
S11,4,1,8,18.0,"{""0"": [0.0, 0.0], ""1"": [7.72363562551066, -1.789467915652458], ""2"": [-0.7725105994392051, 2.7458109234212165], ""3"": [-6.858715813468062, 0.5456638937636201], ""4"": [-0.6128895259995948, -5.870391350195993]}","{""1"": 22.0, ""2"": 26.0, ""3"": 19.0, ""4"": 11.0}",0-2-3-0,0-2-3-0,2016.2044709561799,2016.2044709561799,0.0,0.0,True,0.00011870799999513792,0.016379917000001853,0
S11,4,1,9,18.0,"{""0"": [0.0, 0.0], ""1"": [7.72363562551066, -1.789467915652458], ""2"": [-0.7725105994392051, 2.7458109234212165], ""3"": [-6.858715813468062, 0.5456638937636201], ""4"": [-0.6128895259995948, -5.870391350195993]}","{""1"": 22.0, ""2"": 26.0, ""3"": 19.0, ""4"": 11.0}",0-2-3-0,0-2-3-0,2016.2044709561799,2016.2044709561799,0.0,0.0,True,0.00011870799999513792,0.016371999999996945,0
S11,4,1,10,18.0,"{""0"": [0.0, 0.0], ""1"": [7.72363562551066, -1.789467915652458], ""2"": [-0.7725105994392051, 2.7458109234212165], ""3"": [-6.858715813468062, 0.5456638937636201], ""4"": [-0.6128895259995948, -5.870391350195993]}","{""1"": 22.0, ""2"": 26.0, ""3"": 19.0, ""4"": 11.0}",0-2-3-0,0-3-2-0,2016.2044709561799,2016.2044709561799,0.0,0.0,True,0.00011870799999513792,0.01648783299999934,0
S12,4,2,1,22.0,"{""0"": [0.0, 0.0], ""1"": [7.573715713530147, 1.9883572833223069], ""2"": [-0.23425685590692713, 3.4537104534611314], ""3"": [-2.559435543281393, -0.6544984802110091], ""4"": [-0.4736039133903719, -4.162826668035398]}","{""1"": 32.0, ""2"": 8.0, ""3"": 29.0, ""4"": 7.0}",0-2-3-4-0,0-4-3-2-0,1016.4534539151995,1016.4534539151995,0.0,0.0,True,0.0001704169999996452,0.02131916700000147,0
S12,4,2,2,22.0,"{""0"": [0.0, 0.0], ""1"": [7.573715713530147, 1.9883572833223069], ""2"": [-0.23425685590692713, 3.4537104534611314], ""3"": [-2.559435543281393, -0.6544984802110091], ""4"": [-0.4736039133903719, -4.162826668035398]}","{""1"": 32.0, ""2"": 8.0, ""3"": 29.0, ""4"": 7.0}",0-2-3-4-0,0-2-3-4-0,1016.4534539151995,1016.4534539151995,0.0,0.0,True,0.0001704169999996452,0.021382458000005045,0
S12,4,2,3,22.0,"{""0"": [0.0, 0.0], ""1"": [7.573715713530147, 1.9883572833223069], ""2"": [-0.23425685590692713, 3.4537104534611314], ""3"": [-2.559435543281393, -0.6544984802110091], ""4"": [-0.4736039133903719, -4.162826668035398]}","{""1"": 32.0, ""2"": 8.0, ""3"": 29.0, ""4"": 7.0}",0-2-3-4-0,0-2-3-4-0,1016.4534539151995,1016.4534539151995,0.0,0.0,True,0.0001704169999996452,0.02092012500000351,0
S12,4,2,4,22.0,"{""0"": [0.0, 0.0], ""1"": [7.573715713530147, 1.9883572833223069], ""2"": [-0.23425685590692713, 3.4537104534611314], ""3"": [-2.559435543281393, -0.6544984802110091], ""4"": [-0.4736039133903719, -4.162826668035398]}","{""1"": 32.0, ""2"": 8.0, ""3"": 29.0, ""4"": 7.0}",0-2-3-4-0,0-4-3-2-0,1016.4534539151995,1016.4534539151995,0.0,0.0,True,0.0001704169999996452,0.021197374999999852,0
S12,4,2,5,22.0,"{""0"": [0.0, 0.0], ""1"": [7.573715713530147, 1.9883572833223069], ""2"": [-0.23425685590692713, 3.4537104534611314], ""3"": [-2.559435543281393, -0.6544984802110091], ""4"": [-0.4736039133903719, -4.162826668035398]}","{""1"": 32.0, ""2"": 8.0, ""3"": 29.0, ""4"": 7.0}",0-2-3-4-0,0-4-3-2-0,1016.4534539151995,1016.4534539151995,0.0,0.0,True,0.0001704169999996452,0.02102633299999468,0
S12,4,2,6,22.0,"{""0"": [0.0, 0.0], ""1"": [7.573715713530147, 1.9883572833223069], ""2"": [-0.23425685590692713, 3.4537104534611314], ""3"": [-2.559435543281393, -0.6544984802110091], ""4"": [-0.4736039133903719, -4.162826668035398]}","{""1"": 32.0, ""2"": 8.0, ""3"": 29.0, ""4"": 7.0}",0-2-3-4-0,0-4-3-2-0,1016.4534539151995,1016.4534539151995,0.0,0.0,True,0.0001704169999996452,0.021409249999997826,0
S12,4,2,7,22.0,"{""0"": [0.0, 0.0], ""1"": [7.573715713530147, 1.9883572833223069], ""2"": [-0.23425685590692713, 3.4537104534611314], ""3"": [-2.559435543281393, -0.6544984802110091], ""4"": [-0.4736039133903719, -4.162826668035398]}","{""1"": 32.0, ""2"": 8.0, ""3"": 29.0, ""4"": 7.0}",0-2-3-4-0,0-2-3-4-0,1016.4534539151995,1016.4534539151995,0.0,0.0,True,0.0001704169999996452,0.021103750000001753,0
S12,4,2,8,22.0,"{""0"": [0.0, 0.0], ""1"": [7.573715713530147, 1.9883572833223069], ""2"": [-0.23425685590692713, 3.4537104534611314], ""3"": [-2.559435543281393, -0.6544984802110091], ""4"": [-0.4736039133903719, -4.162826668035398]}","{""1"": 32.0, ""2"": 8.0, ""3"": 29.0, ""4"": 7.0}",0-2-3-4-0,0-4-3-2-0,1016.4534539151995,1016.4534539151995,0.0,0.0,True,0.0001704169999996452,0.02129291600000016,0
S12,4,2,9,22.0,"{""0"": [0.0, 0.0], ""1"": [7.573715713530147, 1.9883572833223069], ""2"": [-0.23425685590692713, 3.4537104534611314], ""3"": [-2.559435543281393, -0.6544984802110091], ""4"": [-0.4736039133903719, -4.162826668035398]}","{""1"": 32.0, ""2"": 8.0, ""3"": 29.0, ""4"": 7.0}",0-2-3-4-0,0-4-3-2-0,1016.4534539151995,1016.4534539151995,0.0,0.0,True,0.0001704169999996452,0.021294708000006324,0
S12,4,2,10,22.0,"{""0"": [0.0, 0.0], ""1"": [7.573715713530147, 1.9883572833223069], ""2"": [-0.23425685590692713, 3.4537104534611314], ""3"": [-2.559435543281393, -0.6544984802110091], ""4"": [-0.4736039133903719, -4.162826668035398]}","{""1"": 32.0, ""2"": 8.0, ""3"": 29.0, ""4"": 7.0}",0-2-3-4-0,0-2-3-4-0,1016.4534539151995,1016.4534539151995,0.0,0.0,True,0.0001704169999996452,0.021349708999998995,0
S13,4,3,1,26.0,"{""0"": [0.0, 0.0], ""1"": [2.5104620351729676, -0.5824677778937776], ""2"": [-0.3181263925512008, 5.43960538490358], ""3"": [-5.874662592845385, -0.3338868379290113], ""4"": [1.7376030241566935, -7.81965100591046]}","{""1"": 22.0, ""2"": 11.0, ""3"": 11.0, ""4"": 14.0}",0-1-2-3-0,0-1-2-3-0,1023.1275898602269,1023.1275898602269,0.0,0.0,True,0.00015391699999867114,0.01965950000000305,0
S13,4,3,2,26.0,"{""0"": [0.0, 0.0], ""1"": [2.5104620351729676, -0.5824677778937776], ""2"": [-0.3181263925512008, 5.43960538490358], ""3"": [-5.874662592845385, -0.3338868379290113], ""4"": [1.7376030241566935, -7.81965100591046]}","{""1"": 22.0, ""2"": 11.0, ""3"": 11.0, ""4"": 14.0}",0-1-2-3-0,0-1-2-3-0,1023.1275898602269,1023.1275898602269,0.0,0.0,True,0.00015391699999867114,0.019506958000000907,0
S13,4,3,3,26.0,"{""0"": [0.0, 0.0], ""1"": [2.5104620351729676, -0.5824677778937776], ""2"": [-0.3181263925512008, 5.43960538490358], ""3"": [-5.874662592845385, -0.3338868379290113], ""4"": [1.7376030241566935, -7.81965100591046]}","{""1"": 22.0, ""2"": 11.0, ""3"": 11.0, ""4"": 14.0}",0-1-2-3-0,0-1-2-3-0,1023.1275898602269,1023.1275898602269,0.0,0.0,True,0.00015391699999867114,0.019730207999998584,0
S13,4,3,4,26.0,"{""0"": [0.0, 0.0], ""1"": [2.5104620351729676, -0.5824677778937776], ""2"": [-0.3181263925512008, 5.43960538490358], ""3"": [-5.874662592845385, -0.3338868379290113], ""4"": [1.7376030241566935, -7.81965100591046]}","{""1"": 22.0, ""2"": 11.0, ""3"": 11.0, ""4"": 14.0}",0-1-2-3-0,0-1-2-3-0,1023.1275898602269,1023.1275898602269,0.0,0.0,True,0.00015391699999867114,0.019734791999994172,0
S13,4,3,5,26.0,"{""0"": [0.0, 0.0], ""1"": [2.5104620351729676, -0.5824677778937776], ""2"": [-0.3181263925512008, 5.43960538490358], ""3"": [-5.874662592845385, -0.3338868379290113], ""4"": [1.7376030241566935, -7.81965100591046]}","{""1"": 22.0, ""2"": 11.0, ""3"": 11.0, ""4"": 14.0}",0-1-2-3-0,0-1-2-3-0,1023.1275898602269,1023.1275898602269,0.0,0.0,True,0.00015391699999867114,0.01961895899999888,0
S13,4,3,6,26.0,"{""0"": [0.0, 0.0], ""1"": [2.5104620351729676, -0.5824677778937776], ""2"": [-0.3181263925512008, 5.43960538490358], ""3"": [-5.874662592845385, -0.3338868379290113], ""4"": [1.7376030241566935, -7.81965100591046]}","{""1"": 22.0, ""2"": 11.0, ""3"": 11.0, ""4"": 14.0}",0-1-2-3-0,0-1-2-3-0,1023.1275898602269,1023.1275898602269,0.0,0.0,True,0.00015391699999867114,0.01980487499999839,0
S13,4,3,7,26.0,"{""0"": [0.0, 0.0], ""1"": [2.5104620351729676, -0.5824677778937776], ""2"": [-0.3181263925512008, 5.43960538490358], ""3"": [-5.874662592845385, -0.3338868379290113], ""4"": [1.7376030241566935, -7.81965100591046]}","{""1"": 22.0, ""2"": 11.0, ""3"": 11.0, ""4"": 14.0}",0-1-2-3-0,0-1-2-3-0,1023.1275898602269,1023.1275898602269,0.0,0.0,True,0.00015391699999867114,0.019694874999999,0
S13,4,3,8,26.0,"{""0"": [0.0, 0.0], ""1"": [2.5104620351729676, -0.5824677778937776], ""2"": [-0.3181263925512008, 5.43960538490358], ""3"": [-5.874662592845385, -0.3338868379290113], ""4"": [1.7376030241566935, -7.81965100591046]}","{""1"": 22.0, ""2"": 11.0, ""3"": 11.0, ""4"": 14.0}",0-1-2-3-0,0-3-2-1-0,1023.1275898602269,1023.1275898602269,0.0,0.0,True,0.00015391699999867114,0.019895542000000432,0
S13,4,3,9,26.0,"{""0"": [0.0, 0.0], ""1"": [2.5104620351729676, -0.5824677778937776], ""2"": [-0.3181263925512008, 5.43960538490358], ""3"": [-5.874662592845385, -0.3338868379290113], ""4"": [1.7376030241566935, -7.81965100591046]}","{""1"": 22.0, ""2"": 11.0, ""3"": 11.0, ""4"": 14.0}",0-1-2-3-0,0-1-2-3-0,1023.1275898602269,1023.1275898602269,0.0,0.0,True,0.00015391699999867114,0.019742666999995606,0
S13,4,3,10,26.0,"{""0"": [0.0, 0.0], ""1"": [2.5104620351729676, -0.5824677778937776], ""2"": [-0.3181263925512008, 5.43960538490358], ""3"": [-5.874662592845385, -0.3338868379290113], ""4"": [1.7376030241566935, -7.81965100591046]}","{""1"": 22.0, ""2"": 11.0, ""3"": 11.0, ""4"": 14.0}",0-1-2-3-0,0-1-2-3-0,1023.1275898602269,1023.1275898602269,0.0,0.0,True,0.00015391699999867114,0.019641500000005863,0
S14,4,4,1,30.0,"{""0"": [0.0, 0.0], ""1"": [6.252111925856932, 1.0161928312732802], ""2"": [-0.5156044330198699, 5.753303646959603], ""3"": [-3.793603309547368, -0.9029353005609458], ""4"": [0.4105449816827154, -7.374038796425268]}","{""1"": 38.0, ""2"": 22.0, ""3"": 9.0, ""4"": 33.0}",0-1-2-3-0,0-3-2-1-0,1025.9142428960497,1025.9142428960497,0.0,0.0,True,0.000190875000001256,0.021462999999997123,0
S14,4,4,2,30.0,"{""0"": [0.0, 0.0], ""1"": [6.252111925856932, 1.0161928312732802], ""2"": [-0.5156044330198699, 5.753303646959603], ""3"": [-3.793603309547368, -0.9029353005609458], ""4"": [0.4105449816827154, -7.374038796425268]}","{""1"": 38.0, ""2"": 22.0, ""3"": 9.0, ""4"": 33.0}",0-1-2-3-0,0-3-2-1-0,1025.9142428960497,1025.9142428960497,0.0,0.0,True,0.000190875000001256,0.021504583000002242,0
S14,4,4,3,30.0,"{""0"": [0.0, 0.0], ""1"": [6.252111925856932, 1.0161928312732802], ""2"": [-0.5156044330198699, 5.753303646959603], ""3"": [-3.793603309547368, -0.9029353005609458], ""4"": [0.4105449816827154, -7.374038796425268]}","{""1"": 38.0, ""2"": 22.0, ""3"": 9.0, ""4"": 33.0}",0-1-2-3-0,0-1-2-3-0,1025.9142428960497,1025.9142428960497,0.0,0.0,True,0.000190875000001256,0.021777749999998264,0
S14,4,4,4,30.0,"{""0"": [0.0, 0.0], ""1"": [6.252111925856932, 1.0161928312732802], ""2"": [-0.5156044330198699, 5.753303646959603], ""3"": [-3.793603309547368, -0.9029353005609458], ""4"": [0.4105449816827154, -7.374038796425268]}","{""1"": 38.0, ""2"": 22.0, ""3"": 9.0, ""4"": 33.0}",0-1-2-3-0,0-3-2-1-0,1025.9142428960497,1025.9142428960497,0.0,0.0,True,0.000190875000001256,0.021407707999998138,0
S14,4,4,5,30.0,"{""0"": [0.0, 0.0], ""1"": [6.252111925856932, 1.0161928312732802], ""2"": [-0.5156044330198699, 5.753303646959603], ""3"": [-3.793603309547368, -0.9029353005609458], ""4"": [0.4105449816827154, -7.374038796425268]}","{""1"": 38.0, ""2"": 22.0, ""3"": 9.0, ""4"": 33.0}",0-1-2-3-0,0-3-2-1-0,1025.9142428960497,1025.9142428960497,0.0,0.0,True,0.000190875000001256,0.02115833300000247,0
S14,4,4,6,30.0,"{""0"": [0.0, 0.0], ""1"": [6.252111925856932, 1.0161928312732802], ""2"": [-0.5156044330198699, 5.753303646959603], ""3"": [-3.793603309547368, -0.9029353005609458], ""4"": [0.4105449816827154, -7.374038796425268]}","{""1"": 38.0, ""2"": 22.0, ""3"": 9.0, ""4"": 33.0}",0-1-2-3-0,0-3-2-1-0,1025.9142428960497,1025.9142428960497,0.0,0.0,True,0.000190875000001256,0.021325750000002586,0
S14,4,4,7,30.0,"{""0"": [0.0, 0.0], ""1"": [6.252111925856932, 1.0161928312732802], ""2"": [-0.5156044330198699, 5.753303646959603], ""3"": [-3.793603309547368, -0.9029353005609458], ""4"": [0.4105449816827154, -7.374038796425268]}","{""1"": 38.0, ""2"": 22.0, ""3"": 9.0, ""4"": 33.0}",0-1-2-3-0,0-3-2-1-0,1025.9142428960497,1025.9142428960497,0.0,0.0,True,0.000190875000001256,0.02130095899999418,0
S14,4,4,8,30.0,"{""0"": [0.0, 0.0], ""1"": [6.252111925856932, 1.0161928312732802], ""2"": [-0.5156044330198699, 5.753303646959603], ""3"": [-3.793603309547368, -0.9029353005609458], ""4"": [0.4105449816827154, -7.374038796425268]}","{""1"": 38.0, ""2"": 22.0, ""3"": 9.0, ""4"": 33.0}",0-1-2-3-0,0-3-2-1-0,1025.9142428960497,1025.9142428960497,0.0,0.0,True,0.000190875000001256,0.02185820900000124,0
S14,4,4,9,30.0,"{""0"": [0.0, 0.0], ""1"": [6.252111925856932, 1.0161928312732802], ""2"": [-0.5156044330198699, 5.753303646959603], ""3"": [-3.793603309547368, -0.9029353005609458], ""4"": [0.4105449816827154, -7.374038796425268]}","{""1"": 38.0, ""2"": 22.0, ""3"": 9.0, ""4"": 33.0}",0-1-2-3-0,0-1-2-3-0,1025.9142428960497,1025.9142428960497,0.0,0.0,True,0.000190875000001256,0.021744916999999475,0
S14,4,4,10,30.0,"{""0"": [0.0, 0.0], ""1"": [6.252111925856932, 1.0161928312732802], ""2"": [-0.5156044330198699, 5.753303646959603], ""3"": [-3.793603309547368, -0.9029353005609458], ""4"": [0.4105449816827154, -7.374038796425268]}","{""1"": 38.0, ""2"": 22.0, ""3"": 9.0, ""4"": 33.0}",0-1-2-3-0,0-3-2-1-0,1025.9142428960497,1025.9142428960497,0.0,0.0,True,0.000190875000001256,0.021841167000005157,0
S15,4,5,1,18.0,"{""0"": [0.0, 0.0], ""1"": [7.0857153916095585, -0.38593779963822217], ""2"": [1.4721083243410884, 5.96182702378298], ""3"": [-6.145147637157449, -1.2454532064017874], ""4"": [-0.6427315394011243, -6.402596555818049]}","{""1"": 27.0, ""2"": 26.0, ""3"": 17.0, ""4"": 25.0}",0-2-0,0-2-0,3012.2817725724103,3012.2817725724103,0.0,0.0,True,9.829199999700222e-05,0.011440540999998916,0
S15,4,5,2,18.0,"{""0"": [0.0, 0.0], ""1"": [7.0857153916095585, -0.38593779963822217], ""2"": [1.4721083243410884, 5.96182702378298], ""3"": [-6.145147637157449, -1.2454532064017874], ""4"": [-0.6427315394011243, -6.402596555818049]}","{""1"": 27.0, ""2"": 26.0, ""3"": 17.0, ""4"": 25.0}",0-2-0,0-2-0,3012.2817725724103,3012.2817725724103,0.0,0.0,True,9.829199999700222e-05,0.011423624999999049,0
S15,4,5,3,18.0,"{""0"": [0.0, 0.0], ""1"": [7.0857153916095585, -0.38593779963822217], ""2"": [1.4721083243410884, 5.96182702378298], ""3"": [-6.145147637157449, -1.2454532064017874], ""4"": [-0.6427315394011243, -6.402596555818049]}","{""1"": 27.0, ""2"": 26.0, ""3"": 17.0, ""4"": 25.0}",0-2-0,0-2-0,3012.2817725724103,3012.2817725724103,0.0,0.0,True,9.829199999700222e-05,0.011231499999993844,0
S15,4,5,4,18.0,"{""0"": [0.0, 0.0], ""1"": [7.0857153916095585, -0.38593779963822217], ""2"": [1.4721083243410884, 5.96182702378298], ""3"": [-6.145147637157449, -1.2454532064017874], ""4"": [-0.6427315394011243, -6.402596555818049]}","{""1"": 27.0, ""2"": 26.0, ""3"": 17.0, ""4"": 25.0}",0-2-0,0-2-0,3012.2817725724103,3012.2817725724103,0.0,0.0,True,9.829199999700222e-05,0.011215082999996184,0
S15,4,5,5,18.0,"{""0"": [0.0, 0.0], ""1"": [7.0857153916095585, -0.38593779963822217], ""2"": [1.4721083243410884, 5.96182702378298], ""3"": [-6.145147637157449, -1.2454532064017874], ""4"": [-0.6427315394011243, -6.402596555818049]}","{""1"": 27.0, ""2"": 26.0, ""3"": 17.0, ""4"": 25.0}",0-2-0,0-2-0,3012.2817725724103,3012.2817725724103,0.0,0.0,True,9.829199999700222e-05,0.011279459000000713,0
S15,4,5,6,18.0,"{""0"": [0.0, 0.0], ""1"": [7.0857153916095585, -0.38593779963822217], ""2"": [1.4721083243410884, 5.96182702378298], ""3"": [-6.145147637157449, -1.2454532064017874], ""4"": [-0.6427315394011243, -6.402596555818049]}","{""1"": 27.0, ""2"": 26.0, ""3"": 17.0, ""4"": 25.0}",0-2-0,0-2-0,3012.2817725724103,3012.2817725724103,0.0,0.0,True,9.829199999700222e-05,0.0113465420000054,0
S15,4,5,7,18.0,"{""0"": [0.0, 0.0], ""1"": [7.0857153916095585, -0.38593779963822217], ""2"": [1.4721083243410884, 5.96182702378298], ""3"": [-6.145147637157449, -1.2454532064017874], ""4"": [-0.6427315394011243, -6.402596555818049]}","{""1"": 27.0, ""2"": 26.0, ""3"": 17.0, ""4"": 25.0}",0-2-0,0-2-0,3012.2817725724103,3012.2817725724103,0.0,0.0,True,9.829199999700222e-05,0.011327041000001259,0
S15,4,5,8,18.0,"{""0"": [0.0, 0.0], ""1"": [7.0857153916095585, -0.38593779963822217], ""2"": [1.4721083243410884, 5.96182702378298], ""3"": [-6.145147637157449, -1.2454532064017874], ""4"": [-0.6427315394011243, -6.402596555818049]}","{""1"": 27.0, ""2"": 26.0, ""3"": 17.0, ""4"": 25.0}",0-2-0,0-2-0,3012.2817725724103,3012.2817725724103,0.0,0.0,True,9.829199999700222e-05,0.011479416000000242,0
S15,4,5,9,18.0,"{""0"": [0.0, 0.0], ""1"": [7.0857153916095585, -0.38593779963822217], ""2"": [1.4721083243410884, 5.96182702378298], ""3"": [-6.145147637157449, -1.2454532064017874], ""4"": [-0.6427315394011243, -6.402596555818049]}","{""1"": 27.0, ""2"": 26.0, ""3"": 17.0, ""4"": 25.0}",0-2-0,0-2-0,3012.2817725724103,3012.2817725724103,0.0,0.0,True,9.829199999700222e-05,0.011393042000001685,0
S15,4,5,10,18.0,"{""0"": [0.0, 0.0], ""1"": [7.0857153916095585, -0.38593779963822217], ""2"": [1.4721083243410884, 5.96182702378298], ""3"": [-6.145147637157449, -1.2454532064017874], ""4"": [-0.6427315394011243, -6.402596555818049]}","{""1"": 27.0, ""2"": 26.0, ""3"": 17.0, ""4"": 25.0}",0-2-0,0-2-0,3012.2817725724103,3012.2817725724103,0.0,0.0,True,9.829199999700222e-05,0.01141908299999983,0
